日期,时间,金价(USD/盎司),金价(CNY/克)
2026-04-01,00:00:00,4612.40,1026.18
2026-04-01,00:00:00,4709.60,1044.78
2026-04-01,00:05:00,4616.20,1027.03
2026-04-01,00:05:00,4700.70,1042.80
2026-04-01,00:05:00,4709.60,1044.78
2026-04-01,00:10:00,4619.30,1027.72
2026-04-01,00:10:00,4703.40,1043.40
2026-04-01,00:10:00,4705.00,1043.76
2026-04-01,00:15:00,4613.30,1026.38
2026-04-01,00:15:00,4701.40,1042.96
2026-04-01,00:15:00,4708.90,1044.62
2026-04-01,00:20:00,4616.10,1027.00
2026-04-01,00:20:00,4710.70,1045.02
2026-04-01,00:20:00,4701.30,1042.94
2026-04-01,00:25:00,4614.20,1026.58
2026-04-01,00:25:00,4710.00,1044.87
2026-04-01,00:25:00,4696.30,1041.83
2026-04-01,00:30:00,4619.20,1027.69
2026-04-01,00:30:00,4720.80,1047.26
2026-04-01,00:30:00,4704.20,1043.58
2026-04-01,00:35:00,4617.80,1027.38
2026-04-01,00:35:00,4713.90,1045.73
2026-04-01,00:35:00,4698.20,1042.25
2026-04-01,00:40:00,4627.80,1029.61
2026-04-01,00:40:00,4705.20,1043.80
2026-04-01,00:40:00,4695.10,1041.56
2026-04-01,00:45:00,4643.10,1033.01
2026-04-01,00:45:00,4705.90,1043.96
2026-04-01,00:45:00,4687.20,1039.81
2026-04-01,00:50:00,4636.50,1031.54
2026-04-01,00:50:00,4707.70,1044.36
2026-04-01,00:50:00,4694.70,1041.47
2026-04-01,00:55:00,4643.60,1033.12
2026-04-01,00:55:00,4715.20,1046.02
2026-04-01,00:55:00,4695.40,1041.63
2026-04-01,01:00:00,4642.10,1032.79
2026-04-01,01:05:00,4652.40,1035.08
2026-04-01,01:10:00,4650.30,1034.61
2026-04-01,01:15:00,4645.20,1033.48
2026-04-01,01:20:00,4645.40,1033.52
2026-04-01,01:25:00,4653.20,1035.26
2026-04-01,01:30:00,4645.20,1033.48
2026-04-01,01:35:00,4655.80,1035.84
2026-04-01,01:40:00,4649.10,1034.35
2026-04-01,01:45:00,4658.80,1036.50
2026-04-01,01:50:00,4659.80,1036.73
2026-04-01,01:55:00,4664.70,1037.82
2026-04-01,02:00:00,4657.70,1036.26
2026-04-01,02:05:00,4657.20,1036.15
2026-04-01,02:10:00,4663.50,1037.55
2026-04-01,02:15:00,4666.50,1038.22
2026-04-01,02:20:00,4668.90,1038.75
2026-04-01,02:25:00,4668.30,1038.62
2026-04-01,02:30:00,4664.70,1037.82
2026-04-01,02:35:00,4664.60,1037.79
2026-04-01,02:40:00,4671.80,1039.40
2026-04-01,02:45:00,4666.60,1038.24
2026-04-01,02:50:00,4667.60,1038.46
2026-04-01,02:55:00,4667.30,1038.39
2026-04-01,03:00:00,4670.50,1039.11
2026-04-01,03:05:00,4673.90,1039.86
2026-04-01,03:15:00,4671.20,1039.26
2026-04-01,03:20:00,4674.00,1039.89
2026-04-01,03:25:00,4679.10,1041.02
2026-04-01,03:30:00,4673.40,1039.75
2026-04-01,03:35:00,4680.40,1041.31
2026-04-01,03:40:00,4682.30,1041.73
2026-04-01,03:45:00,4678.80,1040.95
2026-04-01,03:50:00,4684.80,1042.29
2026-04-01,03:55:00,4684.80,1042.29
2026-04-01,04:00:00,4684.80,1042.29
2026-04-01,04:05:00,4683.00,1041.89
2026-04-01,04:10:00,4681.40,1041.53
2026-04-01,04:15:00,4680.20,1041.26
2026-04-01,04:20:00,4680.00,1041.22
2026-04-01,04:25:00,4674.20,1039.93
2026-04-01,04:30:00,4673.10,1039.69
2026-04-01,04:35:00,4674.90,1040.09
2026-04-01,04:40:00,4669.50,1038.88
2026-04-01,04:45:00,4669.50,1038.88
2026-04-01,04:50:00,4670.10,1039.02
2026-04-01,04:55:00,4668.80,1038.73
2026-04-01,05:00:00,4668.40,1038.64
2026-04-01,05:05:00,4669.80,1038.95
2026-04-01,05:10:00,4669.80,1038.95
2026-04-01,05:15:00,4669.80,1038.95
2026-04-01,05:20:00,4669.80,1038.95
2026-04-01,05:25:00,4669.80,1038.95
2026-04-01,05:30:00,4669.80,1038.95
2026-04-01,05:35:00,4669.80,1038.95
2026-04-01,05:40:00,4669.80,1038.95
2026-04-01,05:45:00,4669.80,1038.95
2026-04-01,05:50:00,4669.80,1038.95
2026-04-01,05:55:00,4669.80,1038.95
2026-04-01,06:00:00,4669.80,1038.95
2026-04-01,06:05:00,4678.60,1040.91
2026-04-01,06:10:00,4669.00,1038.77
2026-04-01,06:15:00,4664.20,1037.71
2026-04-01,06:20:00,4674.10,1039.91
2026-04-01,06:25:00,4673.60,1039.80
2026-04-01,06:30:00,4675.30,1040.17
2026-04-01,06:35:00,4674.00,1039.89
2026-04-01,06:40:00,4693.10,1044.13
2026-04-01,06:45:00,4691.70,1043.82
2026-04-01,06:50:00,4666.30,1038.17
2026-04-01,06:55:00,4671.60,1039.35
2026-04-01,07:00:00,4681.20,1041.49
2026-04-01,07:05:00,4681.40,1041.53
2026-04-01,07:10:00,4676.40,1040.42
2026-04-01,07:15:00,4679.30,1041.06
2026-04-01,07:20:00,4675.80,1040.29
2026-04-01,07:25:00,4675.60,1040.24
2026-04-01,07:30:00,4683.70,1042.04
2026-04-01,07:35:00,4687.70,1042.93
2026-04-01,07:40:00,4689.60,1043.36
2026-04-01,07:45:00,4692.00,1043.89
2026-04-01,07:50:00,4690.90,1043.65
2026-04-01,07:55:00,4691.80,1043.85
2026-04-01,10:00:00,4688.70,1040.14
2026-04-01,10:05:00,4688.30,1040.05
2026-04-01,10:10:00,4694.30,1041.38
2026-04-01,10:15:00,4691.80,1040.83
2026-04-01,10:20:00,4696.50,1041.87
2026-04-01,10:25:00,4688.30,1040.05
2026-04-01,10:30:00,4687.70,1039.92
2026-04-01,10:35:00,4688.20,1040.03
2026-04-01,10:40:00,4684.30,1039.17
2026-04-01,10:45:00,4682.50,1038.77
2026-04-01,10:50:00,4681.60,1038.57
2026-04-01,10:55:00,4687.30,1039.83
2026-04-01,11:00:00,4687.40,1039.85
2026-04-01,11:05:00,4687.70,1039.92
2026-04-01,11:10:00,4687.60,1039.90
2026-04-01,11:15:00,4693.00,1041.10
2026-04-01,11:20:00,4693.10,1041.12
2026-04-01,11:25:00,4691.30,1040.72
2026-04-01,11:30:00,4686.60,1039.68
2026-04-01,11:35:00,4687.30,1039.83
2026-04-01,11:40:00,4688.70,1040.14
2026-04-01,11:45:00,4686.10,1039.56
2026-04-01,11:50:00,4687.40,1039.85
2026-04-01,11:55:00,4684.50,1039.21
2026-04-01,12:00:00,4682.10,1038.68
2026-04-01,12:05:00,4679.10,1038.01
2026-04-01,12:10:00,4679.70,1038.14
2026-04-01,12:15:00,4675.20,1037.15
2026-04-01,12:20:00,4669.70,1035.93
2026-04-01,12:25:00,4672.60,1036.57
2026-04-01,12:30:00,4673.80,1036.84
2026-04-01,12:35:00,4673.80,1036.84
2026-04-01,12:40:00,4675.00,1037.10
2026-04-01,12:45:00,4677.40,1037.63
2026-04-01,12:50:00,4679.60,1038.12
2026-04-01,12:55:00,4680.70,1038.37
2026-04-01,13:00:00,4677.20,1037.59
2026-04-01,13:05:00,4679.50,1038.10
2026-04-01,13:10:00,4680.80,1038.39
2026-04-01,13:15:00,4685.50,1039.43
2026-04-01,13:20:00,4687.50,1039.87
2026-04-01,13:25:00,4684.80,1039.28
2026-04-01,13:30:00,4685.30,1039.39
2026-04-01,13:35:00,4694.90,1041.52
2026-04-01,13:40:00,4699.60,1042.56
2026-04-01,13:45:00,4702.30,1043.16
2026-04-01,13:50:00,4697.40,1042.07
2026-04-01,13:55:00,4696.30,1041.83
2026-04-01,14:00:00,4688.50,1040.10
2026-04-01,14:05:00,4689.00,1040.21
2026-04-01,14:10:00,4687.20,1039.81
2026-04-01,14:15:00,4696.20,1041.80
2026-04-01,14:20:00,4697.00,1041.98
2026-04-01,14:25:00,4705.80,1043.93
2026-04-01,14:30:00,4707.10,1044.22
2026-04-01,14:35:00,4712.80,1045.49
2026-04-01,14:40:00,4704.70,1043.69
2026-04-01,14:45:00,4709.30,1044.71
2026-04-01,14:50:00,4727.10,1048.66
2026-04-01,14:55:00,4725.30,1048.26
2026-04-01,15:00:00,4731.90,1049.72
2026-04-01,15:05:00,4724.30,1048.04
2026-04-01,15:10:00,4718.40,1046.73
2026-04-01,15:15:00,4717.40,1046.51
2026-04-01,15:20:00,4717.10,1046.44
2026-04-01,15:25:00,4722.90,1047.73
2026-04-01,15:30:00,4723.50,1047.86
2026-04-01,15:35:00,4735.80,1050.59
2026-04-01,15:40:00,4746.00,1052.85
2026-04-01,15:45:00,4732.60,1049.88
2026-04-01,15:50:00,4726.20,1048.46
2026-04-01,15:55:00,4714.20,1045.80
2026-04-01,16:00:00,4713.00,1045.53
2026-04-01,16:05:00,4726.30,1048.48
2026-04-01,16:10:00,4722.70,1047.68
2026-04-01,16:15:00,4720.60,1047.22
2026-04-01,16:20:00,4726.20,1048.46
2026-04-01,16:25:00,4728.40,1048.95
2026-04-01,16:30:00,4729.70,1049.24
2026-04-01,16:35:00,4733.80,1050.15
2026-04-01,16:40:00,4740.20,1051.57
2026-04-01,16:45:00,4734.10,1050.21
2026-04-01,16:50:00,4732.20,1049.79
2026-04-01,16:55:00,4733.00,1049.97
2026-04-01,17:00:00,4731.60,1049.66
2026-04-01,17:05:00,4729.10,1049.10
2026-04-01,17:10:00,4724.00,1047.97
2026-04-01,17:15:00,4719.60,1047.00
2026-04-01,17:20:00,4717.50,1046.53
2026-04-01,17:25:00,4721.20,1047.35
2026-04-01,17:30:00,4719.80,1047.04
2026-04-01,17:35:00,4720.00,1047.08
2026-04-01,17:40:00,4722.80,1047.71
2026-04-01,17:45:00,4720.90,1047.28
2026-04-01,17:50:00,4727.80,1048.82
2026-04-01,17:55:00,4726.70,1048.57
2026-04-01,18:00:00,4723.60,1047.88
2026-04-01,18:05:00,4722.90,1047.73
2026-04-01,18:10:00,4720.90,1047.28
2026-04-01,18:15:00,4719.10,1046.89
2026-04-01,18:20:00,4720.30,1047.15
2026-04-01,18:25:00,4727.50,1048.75
2026-04-01,18:30:00,4725.90,1048.39
2026-04-01,18:35:00,4730.00,1049.30
2026-04-01,18:40:00,4729.30,1049.15
2026-04-01,18:45:00,4734.50,1050.30
2026-04-01,18:50:00,4738.60,1051.21
2026-04-01,18:55:00,4732.10,1049.77
2026-04-01,19:00:00,4732.40,1049.84
2026-04-01,19:05:00,4733.70,1050.12
2026-04-01,19:10:00,4740.30,1051.59
2026-04-01,19:15:00,4738.40,1051.17
2026-04-01,19:20:00,4744.40,1052.50
2026-04-01,19:25:00,4739.50,1051.41
2026-04-01,19:30:00,4745.30,1052.70
2026-04-01,19:35:00,4747.80,1053.25
2026-04-01,19:40:00,4751.80,1054.14
2026-04-01,19:45:00,4761.00,1056.18
2026-04-01,19:50:00,4757.70,1055.45
2026-04-01,19:55:00,4760.60,1056.09
2026-04-01,20:00:00,4756.70,1055.23
2026-04-01,20:05:00,4751.70,1054.12
2026-04-01,20:10:00,4742.60,1052.10
2026-04-01,20:15:00,4745.80,1052.81
2026-04-01,20:20:00,4739.50,1051.41
2026-04-01,20:25:00,4735.00,1050.41
2026-04-01,20:30:00,4731.60,1049.66
2026-04-01,20:35:00,4741.90,1051.94
2026-04-01,20:40:00,4737.90,1051.06
2026-04-01,20:45:00,4739.00,1051.30
2026-04-01,20:50:00,4735.00,1050.41
2026-04-01,20:55:00,4732.50,1049.86
2026-04-01,21:00:00,4727.70,1048.79
2026-04-01,21:05:00,4724.60,1048.11
2026-04-01,21:10:00,4730.30,1049.37
2026-04-01,21:15:00,4733.00,1049.97
2026-04-01,21:20:00,4739.80,1051.48
2026-04-01,21:25:00,4734.80,1050.37
2026-04-01,21:30:00,4739.20,1051.34
2026-04-01,21:35:00,4739.60,1051.43
2026-04-01,21:40:00,4750.30,1053.81
2026-04-01,21:45:00,4737.10,1050.88
2026-04-01,21:50:00,4745.10,1052.65
2026-04-01,21:55:00,4746.40,1052.94
2026-04-01,22:00:00,4738.80,1051.26
2026-04-01,22:05:00,4741.00,1051.74
2026-04-01,22:10:00,4746.80,1053.03
2026-04-01,22:15:00,4746.90,1053.05
2026-04-01,22:20:00,4744.40,1052.50
2026-04-01,22:25:00,4750.10,1053.76
2026-04-01,22:30:00,4741.40,1051.83
2026-04-01,22:35:00,4742.00,1051.97
2026-04-01,22:40:00,4748.70,1053.45
2026-04-01,22:45:00,4754.90,1054.83
2026-04-01,22:50:00,4758.90,1055.71
2026-04-01,22:55:00,4765.20,1057.11
2026-04-01,23:00:00,4764.60,1056.98
2026-04-01,23:05:00,4771.50,1058.51
2026-04-01,23:10:00,4772.00,1058.62
2026-04-01,23:15:00,4768.70,1057.89
2026-04-01,23:20:00,4768.60,1057.87
2026-04-01,23:25:00,4774.60,1059.20
2026-04-01,23:30:00,4773.70,1059.00
2026-04-01,23:35:00,4778.50,1060.06
2026-04-01,23:40:00,4780.70,1060.55
2026-04-01,23:45:00,4784.20,1061.33
2026-04-01,23:50:00,4785.30,1061.57
2026-04-01,23:55:00,4788.70,1062.33
2026-04-02,00:00:00,4788.10,1062.19
2026-04-02,00:00:00,4788.60,1060.76
2026-04-02,00:05:00,4784.70,1061.44
2026-04-02,00:05:00,4778.10,1058.44
2026-04-02,00:05:00,4749.50,1052.10
2026-04-02,00:10:00,4784.30,1061.35
2026-04-02,00:10:00,4792.00,1061.52
2026-04-02,00:10:00,4743.00,1050.66
2026-04-02,00:15:00,4779.40,1060.26
2026-04-02,00:15:00,4793.60,1061.87
2026-04-02,00:15:00,4752.80,1052.83
2026-04-02,00:20:00,4779.80,1060.35
2026-04-02,00:20:00,4798.10,1062.87
2026-04-02,00:20:00,4731.80,1048.18
2026-04-02,00:25:00,4783.90,1061.26
2026-04-02,00:25:00,4795.70,1062.34
2026-04-02,00:25:00,4722.50,1046.12
2026-04-02,00:30:00,4776.30,1059.57
2026-04-02,00:30:00,4790.60,1061.21
2026-04-02,00:30:00,4704.40,1042.11
2026-04-02,00:35:00,4782.20,1060.88
2026-04-02,00:35:00,4789.80,1061.03
2026-04-02,00:35:00,4664.60,1033.30
2026-04-02,00:40:00,4785.00,1061.50
2026-04-02,00:40:00,4789.30,1060.92
2026-04-02,00:40:00,4689.80,1038.88
2026-04-02,00:45:00,4783.90,1061.26
2026-04-02,00:45:00,4791.20,1061.34
2026-04-02,00:45:00,4696.60,1040.38
2026-04-02,00:50:00,4785.10,1061.53
2026-04-02,00:50:00,4787.60,1060.54
2026-04-02,00:50:00,4694.10,1039.83
2026-04-02,00:55:00,4784.90,1061.48
2026-04-02,00:55:00,4788.70,1060.79
2026-04-02,00:55:00,4702.30,1041.65
2026-04-02,01:00:00,4787.80,1062.13
2026-04-02,01:05:00,4792.00,1063.06
2026-04-02,01:10:00,4793.40,1063.37
2026-04-02,01:15:00,4791.00,1062.84
2026-04-02,01:20:00,4785.40,1061.59
2026-04-02,01:25:00,4786.60,1061.86
2026-04-02,01:30:00,4790.10,1062.64
2026-04-02,01:35:00,4783.90,1061.26
2026-04-02,01:40:00,4782.30,1060.91
2026-04-02,01:45:00,4785.10,1061.53
2026-04-02,01:50:00,4781.80,1060.79
2026-04-02,01:55:00,4780.80,1060.57
2026-04-02,02:00:00,4775.40,1059.37
2026-04-02,02:05:00,4762.90,1056.60
2026-04-02,02:10:00,4769.70,1058.11
2026-04-02,02:15:00,4772.10,1058.64
2026-04-02,02:20:00,4763.20,1056.67
2026-04-02,02:25:00,4759.10,1055.76
2026-04-02,02:30:00,4757.80,1055.47
2026-04-02,02:35:00,4759.10,1055.76
2026-04-02,02:40:00,4743.60,1052.32
2026-04-02,02:45:00,4760.40,1056.05
2026-04-02,02:50:00,4756.30,1055.14
2026-04-02,02:55:00,4756.50,1055.18
2026-04-02,03:00:00,4754.80,1054.80
2026-04-02,03:05:00,4755.80,1055.03
2026-04-02,03:10:00,4761.90,1056.38
2026-04-02,03:15:00,4760.90,1056.16
2026-04-02,03:20:00,4762.60,1056.54
2026-04-02,03:25:00,4762.80,1056.58
2026-04-02,03:30:00,4763.90,1056.82
2026-04-02,03:35:00,4764.90,1057.05
2026-04-02,03:40:00,4774.30,1059.13
2026-04-02,03:45:00,4774.20,1059.11
2026-04-02,03:50:00,4769.60,1058.09
2026-04-02,03:55:00,4767.80,1057.69
2026-04-02,04:00:00,4770.20,1058.22
2026-04-02,04:05:00,4765.70,1057.22
2026-04-02,04:10:00,4768.50,1057.84
2026-04-02,04:15:00,4769.90,1058.15
2026-04-02,04:20:00,4771.50,1058.51
2026-04-02,04:25:00,4765.20,1057.11
2026-04-02,04:30:00,4765.00,1057.07
2026-04-02,04:35:00,4761.10,1056.20
2026-04-02,04:40:00,4759.70,1055.89
2026-04-02,04:45:00,4758.60,1055.65
2026-04-02,04:50:00,4764.60,1056.98
2026-04-02,04:55:00,4759.20,1055.78
2026-04-02,05:00:00,4759.90,1055.94
2026-04-02,05:05:00,4759.50,1055.85
2026-04-02,05:10:00,4759.50,1055.85
2026-04-02,05:15:00,4759.50,1055.85
2026-04-02,05:20:00,4759.50,1055.85
2026-04-02,05:25:00,4759.50,1055.85
2026-04-02,05:30:00,4759.50,1055.85
2026-04-02,05:35:00,4759.50,1055.85
2026-04-02,05:40:00,4759.50,1055.85
2026-04-02,05:45:00,4759.50,1055.85
2026-04-02,05:50:00,4759.50,1055.85
2026-04-02,05:55:00,4759.50,1055.85
2026-04-02,06:00:00,4759.50,1055.85
2026-04-02,06:05:00,4760.70,1056.11
2026-04-02,06:10:00,4769.20,1058.00
2026-04-02,06:15:00,4775.70,1059.44
2026-04-02,06:20:00,4765.20,1057.11
2026-04-02,06:25:00,4767.20,1057.56
2026-04-02,06:30:00,4772.80,1058.80
2026-04-02,06:35:00,4774.90,1059.26
2026-04-02,06:40:00,4776.00,1059.51
2026-04-02,06:45:00,4774.50,1059.18
2026-04-02,06:50:00,4780.30,1060.46
2026-04-02,06:55:00,4778.30,1060.02
2026-04-02,07:00:00,4777.40,1059.82
2026-04-02,07:05:00,4775.60,1059.42
2026-04-02,07:10:00,4789.40,1062.48
2026-04-02,07:15:00,4789.20,1062.44
2026-04-02,07:20:00,4794.90,1063.70
2026-04-02,07:25:00,4795.60,1063.86
2026-04-02,07:30:00,4795.70,1063.88
2026-04-02,07:35:00,4793.80,1063.46
2026-04-02,07:40:00,4791.90,1063.04
2026-04-02,07:45:00,4792.80,1063.23
2026-04-02,07:50:00,4783.80,1061.24
2026-04-02,07:55:00,4784.90,1061.48
2026-04-02,10:00:00,4696.60,1040.38
2026-04-02,10:05:00,4692.90,1039.56
2026-04-02,10:10:00,4692.90,1039.56
2026-04-02,10:15:00,4688.90,1038.68
2026-04-02,10:20:00,4700.80,1041.31
2026-04-02,10:25:00,4694.10,1039.83
2026-04-02,10:30:00,4690.70,1039.08
2026-04-02,10:35:00,4673.30,1035.22
2026-04-02,10:40:00,4670.10,1034.51
2026-04-02,10:45:00,4679.70,1036.64
2026-04-02,10:50:00,4676.40,1035.91
2026-04-02,10:55:00,4677.40,1036.13
2026-04-02,11:00:00,4688.90,1038.68
2026-04-02,11:05:00,4682.80,1037.33
2026-04-02,11:10:00,4683.40,1037.46
2026-04-02,11:15:00,4689.80,1038.88
2026-04-02,11:20:00,4693.60,1039.72
2026-04-02,11:25:00,4698.40,1040.78
2026-04-02,11:30:00,4696.40,1040.34
2026-04-02,11:35:00,4691.30,1039.21
2026-04-02,11:40:00,4687.30,1038.32
2026-04-02,11:45:00,4690.70,1039.08
2026-04-02,11:50:00,4683.50,1037.48
2026-04-02,11:55:00,4677.40,1036.13
2026-04-02,12:00:00,4680.70,1036.86
2026-04-02,12:05:00,4677.20,1036.09
2026-04-02,12:10:00,4667.60,1033.96
2026-04-02,12:15:00,4672.20,1034.98
2026-04-02,12:20:00,4671.60,1034.85
2026-04-02,12:25:00,4664.20,1033.21
2026-04-02,12:30:00,4667.30,1033.89
2026-04-02,12:35:00,4669.40,1034.36
2026-04-02,12:40:00,4667.50,1033.94
2026-04-02,12:45:00,4661.60,1032.63
2026-04-02,12:50:00,4666.10,1033.63
2026-04-02,12:55:00,4671.20,1034.76
2026-04-02,13:00:00,4672.00,1034.93
2026-04-02,13:05:00,4675.90,1035.80
2026-04-02,13:10:00,4671.30,1034.78
2026-04-02,13:15:00,4672.40,1035.02
2026-04-02,13:20:00,4673.00,1035.16
2026-04-02,13:25:00,4674.00,1035.38
2026-04-02,13:30:00,4676.60,1035.95
2026-04-02,13:35:00,4646.30,1029.24
2026-04-02,13:40:00,4650.20,1030.11
2026-04-02,13:45:00,4638.30,1027.47
2026-04-02,13:50:00,4611.10,1021.44
2026-04-02,13:55:00,4607.90,1020.73
2026-04-02,14:00:00,4595.70,1018.03
2026-04-02,14:05:00,4586.20,1015.93
2026-04-02,14:10:00,4567.60,1011.81
2026-04-02,14:15:00,4576.60,1013.80
2026-04-02,14:20:00,4590.20,1016.81
2026-04-02,14:25:00,4593.20,1017.48
2026-04-02,14:30:00,4589.40,1016.64
2026-04-02,14:35:00,4596.50,1018.21
2026-04-02,14:40:00,4596.90,1018.30
2026-04-02,14:45:00,4584.80,1015.62
2026-04-02,14:50:00,4597.50,1018.43
2026-04-02,14:55:00,4608.50,1020.87
2026-04-02,15:00:00,4597.10,1018.34
2026-04-02,15:05:00,4605.90,1020.29
2026-04-02,15:10:00,4611.00,1021.42
2026-04-02,15:15:00,4616.80,1022.71
2026-04-02,15:20:00,4623.40,1024.17
2026-04-02,15:25:00,4620.60,1023.55
2026-04-02,15:30:00,4623.10,1024.10
2026-04-02,15:35:00,4629.10,1025.43
2026-04-02,15:45:00,4635.30,1026.80
2026-04-02,15:50:00,4649.10,1029.86
2026-04-02,15:55:00,4645.50,1029.06
2026-04-02,16:00:00,4645.40,1029.04
2026-04-02,16:05:00,4645.00,1028.95
2026-04-02,16:10:00,4634.70,1026.67
2026-04-02,16:15:00,4640.30,1027.91
2026-04-02,16:20:00,4643.40,1028.60
2026-04-02,16:25:00,4637.40,1027.27
2026-04-02,16:30:00,4634.30,1026.58
2026-04-02,16:35:00,4637.10,1027.20
2026-04-02,16:40:00,4640.70,1028.00
2026-04-02,16:45:00,4640.10,1027.87
2026-04-02,16:50:00,4634.20,1026.56
2026-04-02,16:55:00,4628.90,1025.39
2026-04-02,17:00:00,4620.50,1023.53
2026-04-02,17:05:00,4616.70,1022.68
2026-04-02,17:10:00,4620.90,1023.61
2026-04-02,17:15:00,4621.30,1023.70
2026-04-02,17:20:00,4628.90,1025.39
2026-04-02,17:25:00,4629.00,1025.41
2026-04-02,17:30:00,4623.40,1024.17
2026-04-02,17:35:00,4623.70,1024.24
2026-04-02,17:40:00,4621.50,1023.75
2026-04-02,17:45:00,4623.10,1024.10
2026-04-02,17:50:00,4622.50,1023.97
2026-04-02,17:55:00,4626.60,1024.88
2026-04-02,18:00:00,4622.40,1023.95
2026-04-02,18:05:00,4627.30,1025.03
2026-04-02,18:10:00,4630.50,1025.74
2026-04-02,18:15:00,4628.70,1025.34
2026-04-02,18:20:00,4616.50,1022.64
2026-04-02,18:25:00,4614.30,1022.15
2026-04-02,18:30:00,4617.90,1022.95
2026-04-02,18:35:00,4616.70,1022.68
2026-04-02,18:40:00,4618.30,1023.04
2026-04-02,18:45:00,4629.20,1025.45
2026-04-02,18:50:00,4629.60,1025.54
2026-04-02,18:55:00,4623.10,1024.10
2026-04-02,19:00:00,4625.30,1024.59
2026-04-02,19:05:00,4626.00,1024.74
2026-04-02,19:10:00,4625.30,1024.59
2026-04-02,19:15:00,4628.50,1025.30
2026-04-02,19:20:00,4625.00,1024.52
2026-04-02,19:25:00,4627.50,1025.08
2026-04-02,19:30:00,4619.50,1023.30
2026-04-02,19:35:00,4612.70,1021.80
2026-04-02,19:45:00,4599.20,1018.81
2026-04-02,19:50:00,4601.30,1019.27
2026-04-02,19:55:00,4603.00,1019.65
2026-04-02,20:00:00,4602.30,1019.49
2026-04-02,20:05:00,4606.00,1020.31
2026-04-02,20:10:00,4604.00,1019.87
2026-04-02,20:15:00,4608.50,1020.87
2026-04-02,20:20:00,4615.20,1022.35
2026-04-02,20:25:00,4626.70,1024.90
2026-04-02,20:30:00,4626.90,1024.94
2026-04-02,20:35:00,4621.60,1023.77
2026-04-02,20:40:00,4625.10,1024.55
2026-04-02,20:45:00,4620.10,1023.44
2026-04-02,20:50:00,4618.20,1023.02
2026-04-02,20:55:00,4624.00,1024.30
2026-04-02,21:00:00,4606.60,1020.45
2026-04-02,21:05:00,4587.60,1016.24
2026-04-02,21:10:00,4602.10,1019.45
2026-04-02,21:15:00,4591.40,1017.08
2026-04-02,21:20:00,4590.10,1016.79
2026-04-02,21:25:00,4584.40,1015.53
2026-04-02,21:35:00,4602.90,1019.63
2026-04-02,21:40:00,4598.00,1018.54
2026-04-02,21:45:00,4598.30,1018.61
2026-04-02,21:50:00,4629.50,1025.52
2026-04-02,21:55:00,4638.50,1027.51
2026-04-02,22:00:00,4648.10,1029.64
2026-04-02,22:05:00,4641.70,1028.22
2026-04-02,22:10:00,4650.90,1030.26
2026-04-02,22:15:00,4652.70,1030.66
2026-04-02,22:20:00,4662.70,1032.87
2026-04-02,22:25:00,4671.30,1034.78
2026-04-02,22:30:00,4666.90,1033.80
2026-04-02,22:35:00,4666.20,1033.65
2026-04-02,22:40:00,4675.60,1035.73
2026-04-02,22:45:00,4695.00,1040.03
2026-04-02,22:50:00,4687.30,1038.32
2026-04-02,22:55:00,4679.50,1036.60
2026-04-02,23:00:00,4689.90,1038.90
2026-04-02,23:05:00,4676.10,1035.84
2026-04-02,23:10:00,4670.30,1034.56
2026-04-02,23:15:00,4678.10,1036.29
2026-04-02,23:20:00,4674.60,1035.51
2026-04-02,23:25:00,4661.60,1032.63
2026-04-02,23:30:00,4677.20,1036.09
2026-04-02,23:35:00,4671.60,1034.85
2026-04-02,23:40:00,4673.10,1035.18
2026-04-02,23:45:00,4664.90,1033.36
2026-04-02,23:50:00,4661.80,1032.67
2026-04-02,23:55:00,4656.80,1031.57
2026-04-03,00:00:00,4659.60,1032.19
2026-04-03,00:00:00,4678.00,1036.26
2026-04-03,00:05:00,4666.40,1033.69
2026-04-03,00:05:00,4678.00,1036.26
2026-04-03,00:05:00,4678.00,1036.26
2026-04-03,00:10:00,4650.00,1030.06
2026-04-03,00:10:00,4678.00,1036.26
2026-04-03,00:10:00,4678.00,1036.26
2026-04-03,00:15:00,4657.50,1031.72
2026-04-03,00:15:00,4678.00,1036.26
2026-04-03,00:15:00,4678.00,1036.26
2026-04-03,00:20:00,4653.90,1030.92
2026-04-03,00:20:00,4678.00,1036.26
2026-04-03,00:20:00,4678.00,1036.26
2026-04-03,00:25:00,4654.80,1031.12
2026-04-03,00:25:00,4678.00,1036.26
2026-04-03,00:25:00,4678.00,1036.26
2026-04-03,00:30:00,4656.50,1031.50
2026-04-03,00:30:00,4678.00,1036.26
2026-04-03,00:30:00,4678.00,1036.26
2026-04-03,00:35:00,4657.70,1031.77
2026-04-03,00:35:00,4678.00,1036.26
2026-04-03,00:35:00,4678.00,1036.26
2026-04-03,00:40:00,4664.30,1033.23
2026-04-03,00:40:00,4678.00,1036.26
2026-04-03,00:40:00,4678.00,1036.26
2026-04-03,00:45:00,4667.30,1033.89
2026-04-03,00:45:00,4678.00,1036.26
2026-04-03,00:45:00,4678.00,1036.26
2026-04-03,00:50:00,4660.70,1032.43
2026-04-03,00:50:00,4678.00,1036.26
2026-04-03,00:50:00,4678.00,1036.26
2026-04-03,00:55:00,4665.50,1033.49
2026-04-03,00:55:00,4678.00,1036.26
2026-04-03,00:55:00,4678.00,1036.26
2026-04-03,01:00:00,4660.70,1032.43
2026-04-03,01:05:00,4665.10,1033.41
2026-04-03,01:10:00,4662.20,1032.76
2026-04-03,01:15:00,4663.40,1033.03
2026-04-03,01:20:00,4662.50,1032.83
2026-04-03,01:25:00,4664.60,1033.30
2026-04-03,01:30:00,4654.50,1031.06
2026-04-03,01:35:00,4652.70,1030.66
2026-04-03,01:40:00,4651.70,1030.44
2026-04-03,01:45:00,4656.70,1031.55
2026-04-03,01:50:00,4652.20,1030.55
2026-04-03,01:55:00,4649.70,1029.99
2026-04-03,02:00:00,4649.80,1030.02
2026-04-03,02:05:00,4652.40,1030.59
2026-04-03,02:10:00,4656.00,1031.39
2026-04-03,02:15:00,4656.00,1031.39
2026-04-03,02:20:00,4656.10,1031.41
2026-04-03,02:25:00,4655.20,1031.21
2026-04-03,02:30:00,4651.70,1030.44
2026-04-03,02:35:00,4657.40,1031.70
2026-04-03,02:40:00,4656.40,1031.48
2026-04-03,02:45:00,4661.70,1032.65
2026-04-03,02:50:00,4667.20,1033.87
2026-04-03,02:55:00,4670.50,1034.60
2026-04-03,03:00:00,4672.80,1035.11
2026-04-03,03:05:00,4673.50,1035.27
2026-04-03,03:10:00,4679.50,1036.60
2026-04-03,03:15:00,4676.20,1035.86
2026-04-03,03:20:00,4671.20,1034.76
2026-04-03,03:25:00,4678.10,1036.29
2026-04-03,03:30:00,4667.50,1033.94
2026-04-03,03:35:00,4664.80,1033.34
2026-04-03,03:40:00,4663.80,1033.12
2026-04-03,03:45:00,4668.60,1034.18
2026-04-03,03:50:00,4669.30,1034.34
2026-04-03,03:55:00,4675.10,1035.62
2026-04-03,04:00:00,4676.40,1035.91
2026-04-03,04:05:00,4676.80,1036.00
2026-04-03,04:10:00,4675.00,1035.60
2026-04-03,04:15:00,4674.80,1035.55
2026-04-03,04:20:00,4668.70,1034.20
2026-04-03,04:25:00,4667.00,1033.83
2026-04-03,04:30:00,4669.30,1034.34
2026-04-03,04:35:00,4673.10,1035.18
2026-04-03,04:40:00,4672.60,1035.07
2026-04-03,04:45:00,4670.30,1034.56
2026-04-03,04:50:00,4672.40,1035.02
2026-04-03,04:55:00,4671.50,1034.82
2026-04-03,05:00:00,4677.10,1036.06
2026-04-03,05:05:00,4678.00,1036.26
2026-04-03,05:10:00,4678.00,1036.26
2026-04-03,05:15:00,4678.00,1036.26
2026-04-03,05:20:00,4678.00,1036.26
2026-04-03,05:25:00,4678.00,1036.26
2026-04-03,05:30:00,4678.00,1036.26
2026-04-03,05:35:00,4678.00,1036.26
2026-04-03,05:40:00,4678.00,1036.26
2026-04-03,05:45:00,4678.00,1036.26
2026-04-03,05:50:00,4678.00,1036.26
2026-04-03,05:55:00,4678.00,1036.26
2026-04-03,06:00:00,4678.00,1036.26
2026-04-03,06:05:00,4678.00,1036.26
2026-04-03,06:10:00,4678.00,1036.26
2026-04-03,06:15:00,4678.00,1036.26
2026-04-03,06:20:00,4678.00,1036.26
2026-04-03,06:25:00,4678.00,1036.26
2026-04-03,06:30:00,4678.00,1036.26
2026-04-03,06:35:00,4678.00,1036.26
2026-04-03,06:40:00,4678.00,1036.26
2026-04-03,06:45:00,4678.00,1036.26
2026-04-03,06:50:00,4678.00,1036.26
2026-04-03,06:55:00,4678.00,1036.26
2026-04-03,07:00:00,4678.00,1036.26
2026-04-03,07:05:00,4678.00,1036.26
2026-04-03,07:10:00,4678.00,1036.26
2026-04-03,07:15:00,4678.00,1036.26
2026-04-03,07:20:00,4678.00,1036.26
2026-04-03,07:25:00,4678.00,1036.26
2026-04-03,07:30:00,4678.00,1036.26
2026-04-03,07:35:00,4678.00,1036.26
2026-04-03,07:40:00,4678.00,1036.26
2026-04-03,07:45:00,4678.00,1036.26
2026-04-03,07:50:00,4678.00,1036.26
2026-04-03,07:55:00,4678.00,1036.26
2026-04-03,10:00:00,4678.00,1036.26
2026-04-03,10:05:00,4678.00,1036.26
2026-04-03,10:10:00,4678.00,1036.26
2026-04-03,10:15:00,4678.00,1036.26
2026-04-03,10:20:00,4678.00,1036.26
2026-04-03,10:25:00,4678.00,1036.26
2026-04-03,10:30:00,4678.00,1036.26
2026-04-03,10:35:00,4678.00,1036.26
2026-04-03,10:40:00,4678.00,1036.26
2026-04-03,10:45:00,4678.00,1036.26
2026-04-03,10:50:00,4678.00,1036.26
2026-04-03,10:55:00,4678.00,1036.26
2026-04-03,11:00:00,4678.00,1036.26
2026-04-03,11:05:00,4678.00,1036.26
2026-04-03,11:10:00,4678.00,1036.26
2026-04-03,11:15:00,4678.00,1036.26
2026-04-03,11:20:00,4678.00,1036.26
2026-04-03,11:25:00,4678.00,1036.26
2026-04-03,11:30:00,4678.00,1036.26
2026-04-03,11:35:00,4678.00,1036.26
2026-04-03,11:40:00,4678.00,1036.26
2026-04-03,11:45:00,4678.00,1036.26
2026-04-03,11:50:00,4678.00,1036.26
2026-04-03,11:55:00,4678.00,1036.26
2026-04-03,12:00:00,4678.00,1036.26
2026-04-03,12:05:00,4678.00,1036.26
2026-04-03,12:10:00,4678.00,1036.26
2026-04-03,12:15:00,4678.00,1036.26
2026-04-03,12:20:00,4678.00,1036.26
2026-04-03,12:25:00,4678.00,1036.26
2026-04-03,12:30:00,4678.00,1036.26
2026-04-03,12:35:00,4678.00,1036.26
2026-04-03,12:40:00,4678.00,1036.26
2026-04-03,12:45:00,4678.00,1036.26
2026-04-03,12:50:00,4678.00,1036.26
2026-04-03,12:55:00,4678.00,1036.26
2026-04-03,13:00:00,4678.00,1036.26
2026-04-03,13:05:00,4678.00,1036.26
2026-04-03,13:10:00,4678.00,1036.26
2026-04-03,13:15:00,4678.00,1036.26
2026-04-03,13:20:00,4678.00,1036.26
2026-04-03,13:25:00,4678.00,1036.26
2026-04-03,13:30:00,4678.00,1036.26
2026-04-03,13:35:00,4678.00,1036.26
2026-04-03,13:40:00,4678.00,1036.26
2026-04-03,13:45:00,4678.00,1036.26
2026-04-03,13:50:00,4678.00,1036.26
2026-04-03,13:55:00,4678.00,1036.26
2026-04-03,14:00:00,4678.00,1036.26
2026-04-03,14:05:00,4678.00,1036.26
2026-04-03,14:10:00,4678.00,1036.26
2026-04-03,14:15:00,4678.00,1036.26
2026-04-03,14:20:00,4678.00,1036.26
2026-04-03,14:25:00,4678.00,1036.26
2026-04-03,14:30:00,4678.00,1036.26
2026-04-03,14:35:00,4678.00,1036.26
2026-04-03,14:40:00,4678.00,1036.26
2026-04-03,14:45:00,4678.00,1036.26
2026-04-03,14:50:00,4678.00,1036.26
2026-04-03,14:55:00,4678.00,1036.26
2026-04-03,15:00:00,4678.00,1036.26
2026-04-03,15:05:00,4678.00,1036.26
2026-04-03,15:10:00,4678.00,1036.26
2026-04-03,15:15:00,4678.00,1036.26
2026-04-03,15:20:00,4678.00,1036.26
2026-04-03,15:25:00,4678.00,1036.26
2026-04-03,15:30:00,4678.00,1036.26
2026-04-03,15:35:00,4678.00,1036.26
2026-04-03,15:40:00,4678.00,1036.26
2026-04-03,15:45:00,4678.00,1036.26
2026-04-03,15:50:00,4678.00,1036.26
2026-04-03,15:55:00,4678.00,1036.26
2026-04-03,16:00:00,4678.00,1036.26
2026-04-03,16:05:00,4678.00,1036.26
2026-04-03,16:10:00,4678.00,1036.26
2026-04-03,16:15:00,4678.00,1036.26
2026-04-03,16:20:00,4678.00,1036.26
2026-04-03,16:25:00,4678.00,1036.26
2026-04-03,16:30:00,4678.00,1036.26
2026-04-03,16:35:00,4678.00,1036.26
2026-04-03,16:40:00,4678.00,1036.26
2026-04-03,16:45:00,4678.00,1036.26
2026-04-03,16:50:00,4678.00,1036.26
2026-04-03,16:55:00,4678.00,1036.26
2026-04-03,17:00:00,4678.00,1036.26
2026-04-03,17:05:00,4678.00,1036.26
2026-04-03,17:10:00,4678.00,1036.26
2026-04-03,17:15:00,4678.00,1036.26
2026-04-03,17:20:00,4678.00,1036.26
2026-04-03,17:25:00,4678.00,1036.26
2026-04-03,17:30:00,4678.00,1036.26
2026-04-03,17:35:00,4678.00,1036.26
2026-04-03,17:40:00,4678.00,1036.26
2026-04-03,17:45:00,4678.00,1036.26
2026-04-03,17:50:00,4678.00,1036.26
2026-04-03,17:55:00,4678.00,1036.26
2026-04-03,18:00:00,4678.00,1036.26
2026-04-03,18:05:00,4678.00,1036.26
2026-04-03,18:10:00,4678.00,1036.26
2026-04-03,18:15:00,4678.00,1036.26
2026-04-03,18:20:00,4678.00,1036.26
2026-04-03,18:25:00,4678.00,1036.26
2026-04-03,18:30:00,4678.00,1036.26
2026-04-03,18:35:00,4678.00,1036.26
2026-04-03,18:40:00,4678.00,1036.26
2026-04-03,18:45:00,4678.00,1036.26
2026-04-03,18:50:00,4678.00,1036.26
2026-04-03,18:55:00,4678.00,1036.26
2026-04-03,19:00:00,4678.00,1036.26
2026-04-03,19:05:00,4678.00,1036.26
2026-04-03,19:10:00,4678.00,1036.26
2026-04-03,19:15:00,4678.00,1036.26
2026-04-03,19:20:00,4678.00,1036.26
2026-04-03,19:25:00,4678.00,1036.26
2026-04-03,19:30:00,4678.00,1036.26
2026-04-03,19:35:00,4678.00,1036.26
2026-04-03,19:40:00,4678.00,1036.26
2026-04-03,19:45:00,4678.00,1036.26
2026-04-03,19:50:00,4678.00,1036.26
2026-04-03,19:55:00,4678.00,1036.26
2026-04-03,20:00:00,4678.00,1036.26
2026-04-03,20:05:00,4678.00,1036.26
2026-04-03,20:10:00,4678.00,1036.26
2026-04-03,20:15:00,4678.00,1036.26
2026-04-03,20:20:00,4678.00,1036.26
2026-04-03,20:25:00,4678.00,1036.26
2026-04-03,20:30:00,4678.00,1036.26
2026-04-03,20:35:00,4678.00,1036.26
2026-04-03,20:40:00,4678.00,1036.26
2026-04-03,20:45:00,4678.00,1036.26
2026-04-03,20:50:00,4678.00,1036.26
2026-04-03,20:55:00,4678.00,1036.26
2026-04-03,21:00:00,4678.00,1036.26
2026-04-03,21:05:00,4678.00,1036.26
2026-04-03,21:10:00,4678.00,1036.26
2026-04-03,21:15:00,4678.00,1036.26
2026-04-03,21:20:00,4678.00,1036.26
2026-04-03,21:25:00,4678.00,1036.26
2026-04-03,21:30:00,4678.00,1036.26
2026-04-03,21:35:00,4678.00,1036.26
2026-04-03,21:40:00,4678.00,1036.26
2026-04-03,21:45:00,4678.00,1036.26
2026-04-03,21:50:00,4678.00,1036.26
2026-04-03,21:55:00,4678.00,1036.26
2026-04-03,22:00:00,4678.00,1036.26
2026-04-03,22:05:00,4678.00,1036.26
2026-04-03,22:10:00,4678.00,1036.26
2026-04-03,22:15:00,4678.00,1036.26
2026-04-03,22:20:00,4678.00,1036.26
2026-04-03,22:25:00,4678.00,1036.26
2026-04-03,22:30:00,4678.00,1036.26
2026-04-03,22:35:00,4678.00,1036.26
2026-04-03,22:40:00,4678.00,1036.26
2026-04-03,22:45:00,4678.00,1036.26
2026-04-03,22:50:00,4678.00,1036.26
2026-04-03,22:55:00,4678.00,1036.26
2026-04-03,23:00:00,4678.00,1036.26
2026-04-03,23:05:00,4678.00,1036.26
2026-04-03,23:10:00,4678.00,1036.26
2026-04-03,23:15:00,4678.00,1036.26
2026-04-03,23:20:00,4678.00,1036.26
2026-04-03,23:25:00,4678.00,1036.26
2026-04-03,23:30:00,4678.00,1036.26
2026-04-03,23:35:00,4678.00,1036.26
2026-04-03,23:40:00,4678.00,1036.26
2026-04-03,23:45:00,4678.00,1036.26
2026-04-03,23:50:00,4678.00,1036.26
2026-04-03,23:55:00,4678.00,1036.26
2026-04-04,00:00:00,4678.00,1036.26
2026-04-04,00:00:00,4678.00,1036.26
2026-04-04,00:05:00,4678.00,1036.26
2026-04-04,00:05:00,4678.00,1036.26
2026-04-04,00:05:00,4678.00,1036.26
2026-04-04,00:10:00,4678.00,1036.26
2026-04-04,00:10:00,4678.00,1036.26
2026-04-04,00:15:00,4678.00,1036.26
2026-04-04,00:15:00,4678.00,1036.26
2026-04-04,00:15:00,4678.00,1036.26
2026-04-04,00:20:00,4678.00,1036.26
2026-04-04,00:20:00,4678.00,1036.26
2026-04-04,00:20:00,4678.00,1036.26
2026-04-04,00:25:00,4678.00,1036.26
2026-04-04,00:25:00,4678.00,1036.26
2026-04-04,00:25:00,4678.00,1036.26
2026-04-04,00:30:00,4678.00,1036.26
2026-04-04,00:30:00,4678.00,1036.26
2026-04-04,00:30:00,4678.00,1036.26
2026-04-04,00:35:00,4678.00,1036.26
2026-04-04,00:35:00,4678.00,1036.26
2026-04-04,00:35:00,4678.00,1036.26
2026-04-04,00:40:00,4678.00,1036.26
2026-04-04,00:40:00,4678.00,1036.26
2026-04-04,00:40:00,4678.00,1036.26
2026-04-04,00:45:00,4678.00,1036.26
2026-04-04,00:45:00,4678.00,1036.26
2026-04-04,00:45:00,4678.00,1036.26
2026-04-04,00:50:00,4678.00,1036.26
2026-04-04,00:50:00,4678.00,1036.26
2026-04-04,00:50:00,4678.00,1036.26
2026-04-04,00:55:00,4678.00,1036.26
2026-04-04,00:55:00,4678.00,1036.26
2026-04-04,00:55:00,4678.00,1036.26
2026-04-04,01:00:00,4678.00,1036.26
2026-04-04,01:05:00,4678.00,1036.26
2026-04-04,01:10:00,4678.00,1036.26
2026-04-04,01:15:00,4678.00,1036.26
2026-04-04,01:20:00,4678.00,1036.26
2026-04-04,01:25:00,4678.00,1036.26
2026-04-04,01:30:00,4678.00,1036.26
2026-04-04,01:35:00,4678.00,1036.26
2026-04-04,01:40:00,4678.00,1036.26
2026-04-04,01:45:00,4678.00,1036.26
2026-04-04,01:50:00,4678.00,1036.26
2026-04-04,01:55:00,4678.00,1036.26
2026-04-04,02:00:00,4678.00,1036.26
2026-04-04,02:05:00,4678.00,1036.26
2026-04-04,02:10:00,4678.00,1036.26
2026-04-04,02:15:00,4678.00,1036.26
2026-04-04,02:20:00,4678.00,1036.26
2026-04-04,02:25:00,4678.00,1036.26
2026-04-04,02:30:00,4678.00,1036.26
2026-04-04,02:35:00,4678.00,1036.26
2026-04-04,02:40:00,4678.00,1036.26
2026-04-04,02:45:00,4678.00,1036.26
2026-04-04,02:50:00,4678.00,1036.26
2026-04-04,02:55:00,4678.00,1036.26
2026-04-04,03:00:00,4678.00,1036.26
2026-04-04,03:05:00,4678.00,1036.26
2026-04-04,03:10:00,4678.00,1036.26
2026-04-04,03:15:00,4678.00,1036.26
2026-04-04,03:20:00,4678.00,1036.26
2026-04-04,03:25:00,4678.00,1036.26
2026-04-04,03:30:00,4678.00,1036.26
2026-04-04,03:35:00,4678.00,1036.26
2026-04-04,03:40:00,4678.00,1036.26
2026-04-04,03:45:00,4678.00,1036.26
2026-04-04,03:50:00,4678.00,1036.26
2026-04-04,03:55:00,4678.00,1036.26
2026-04-04,04:00:00,4678.00,1036.26
2026-04-04,04:05:00,4678.00,1036.26
2026-04-04,04:10:00,4678.00,1036.26
2026-04-04,04:15:00,4678.00,1036.26
2026-04-04,04:20:00,4678.00,1036.26
2026-04-04,04:25:00,4678.00,1036.26
2026-04-04,04:30:00,4678.00,1036.26
2026-04-04,04:35:00,4678.00,1036.26
2026-04-04,04:40:00,4678.00,1036.26
2026-04-04,04:45:00,4678.00,1036.26
2026-04-04,04:50:00,4678.00,1036.26
2026-04-04,04:55:00,4678.00,1036.26
2026-04-04,05:00:00,4678.00,1036.26
2026-04-04,05:05:00,4678.00,1036.26
2026-04-04,05:10:00,4678.00,1036.26
2026-04-04,05:15:00,4678.00,1036.26
2026-04-04,05:20:00,4678.00,1036.26
2026-04-04,05:25:00,4678.00,1036.26
2026-04-04,05:30:00,4678.00,1036.26
2026-04-04,05:35:00,4678.00,1036.26
2026-04-04,05:40:00,4678.00,1036.26
2026-04-04,05:45:00,4678.00,1036.26
2026-04-04,05:50:00,4678.00,1036.26
2026-04-04,05:55:00,4678.00,1036.26
2026-04-04,06:00:00,4678.00,1036.26
2026-04-04,06:05:00,4678.00,1036.26
2026-04-04,06:10:00,4678.00,1036.26
2026-04-04,06:15:00,4678.00,1036.26
2026-04-04,06:20:00,4678.00,1036.26
2026-04-04,06:25:00,4678.00,1036.26
2026-04-04,06:30:00,4678.00,1036.26
2026-04-04,06:35:00,4678.00,1036.26
2026-04-04,06:40:00,4678.00,1036.26
2026-04-04,06:45:00,4678.00,1036.26
2026-04-04,06:50:00,4678.00,1036.26
2026-04-04,06:55:00,4678.00,1036.26
2026-04-04,07:00:00,4678.00,1036.26
2026-04-04,07:05:00,4678.00,1036.26
2026-04-04,07:10:00,4678.00,1036.26
2026-04-04,07:15:00,4678.00,1036.26
2026-04-04,07:20:00,4678.00,1036.26
2026-04-04,07:25:00,4678.00,1036.26
2026-04-04,07:30:00,4678.00,1036.26
2026-04-04,07:35:00,4678.00,1036.26
2026-04-04,07:40:00,4678.00,1036.26
2026-04-04,07:45:00,4678.00,1036.26
2026-04-04,07:50:00,4678.00,1036.26
2026-04-04,07:55:00,4678.00,1036.26
2026-04-04,10:00:00,4678.00,1036.26
2026-04-04,10:05:00,4678.00,1036.26
2026-04-04,10:10:00,4678.00,1036.26
2026-04-04,10:15:00,4678.00,1036.26
2026-04-04,10:20:00,4678.00,1036.26
2026-04-04,10:25:00,4678.00,1036.26
2026-04-04,10:30:00,4678.00,1036.26
2026-04-04,10:40:00,4678.00,1036.26
2026-04-04,10:50:00,4678.00,1036.26
2026-04-04,11:00:00,4678.00,1036.26
2026-04-04,11:05:00,4678.00,1036.26
2026-04-04,11:10:00,4678.00,1036.26
2026-04-04,11:15:00,4678.00,1036.26
2026-04-04,11:25:00,4678.00,1036.26
2026-04-04,11:30:00,4678.00,1036.26
2026-04-04,11:35:00,4678.00,1036.26
2026-04-04,11:45:00,4678.00,1036.26
2026-04-04,11:50:00,4678.00,1036.26
2026-04-04,11:55:00,4678.00,1036.26
2026-04-04,12:00:00,4678.00,1036.26
2026-04-04,12:05:00,4678.00,1036.26
2026-04-04,12:10:00,4678.00,1036.26
2026-04-04,12:20:00,4678.00,1036.26
2026-04-04,12:25:00,4678.00,1036.26
2026-04-04,12:30:00,4678.00,1036.26
2026-04-04,12:35:00,4678.00,1036.26
2026-04-04,12:40:00,4678.00,1036.26
2026-04-04,12:45:00,4678.00,1036.26
2026-04-04,12:50:00,4678.00,1036.26
2026-04-04,12:55:00,4678.00,1036.26
2026-04-04,13:00:00,4678.00,1036.26
2026-04-04,13:05:00,4678.00,1036.26
2026-04-04,13:10:00,4678.00,1036.26
2026-04-04,13:15:00,4678.00,1036.26
2026-04-04,13:25:00,4678.00,1036.26
2026-04-04,13:30:00,4678.00,1036.26
2026-04-04,13:35:00,4678.00,1036.26
2026-04-04,13:40:00,4678.00,1036.26
2026-04-04,13:45:00,4678.00,1036.26
2026-04-04,13:50:00,4678.00,1036.26
2026-04-04,13:55:00,4678.00,1036.26
2026-04-04,14:00:00,4678.00,1036.26
2026-04-04,14:05:00,4678.00,1036.26
2026-04-04,14:10:00,4678.00,1036.26
2026-04-04,14:15:00,4678.00,1036.26
2026-04-04,14:20:00,4678.00,1036.26
2026-04-04,14:25:00,4678.00,1036.26
2026-04-04,14:30:00,4678.00,1036.26
2026-04-04,14:35:00,4678.00,1036.26
2026-04-04,14:40:00,4678.00,1036.26
2026-04-04,14:45:00,4678.00,1036.26
2026-04-04,14:50:00,4678.00,1036.26
2026-04-04,14:55:00,4678.00,1036.26
2026-04-04,15:00:00,4678.00,1036.26
2026-04-04,15:05:00,4678.00,1036.26
2026-04-04,15:10:00,4678.00,1036.26
2026-04-04,15:15:00,4678.00,1036.26
2026-04-04,15:20:00,4678.00,1036.26
2026-04-04,15:25:00,4678.00,1036.26
2026-04-04,15:30:00,4678.00,1036.26
2026-04-04,15:35:00,4678.00,1036.26
2026-04-04,15:40:00,4678.00,1036.26
2026-04-04,15:45:00,4678.00,1036.26
2026-04-04,15:50:00,4678.00,1036.26
2026-04-04,15:55:00,4678.00,1036.26
2026-04-04,16:00:00,4678.00,1036.26
2026-04-04,16:05:00,4678.00,1036.26
2026-04-04,16:10:00,4678.00,1036.26
2026-04-04,16:15:00,4678.00,1036.26
2026-04-04,16:20:00,4678.00,1036.26
2026-04-04,16:25:00,4678.00,1036.26
2026-04-04,16:30:00,4678.00,1036.26
2026-04-04,16:35:00,4678.00,1036.26
2026-04-04,16:40:00,4678.00,1036.26
2026-04-04,16:45:00,4678.00,1036.26
2026-04-04,16:50:00,4678.00,1036.26
2026-04-04,16:55:00,4678.00,1036.26
2026-04-04,17:00:00,4678.00,1036.26
2026-04-04,17:05:00,4678.00,1036.26
2026-04-04,17:10:00,4678.00,1036.26
2026-04-04,17:15:00,4678.00,1036.26
2026-04-04,17:20:00,4678.00,1036.26
2026-04-04,17:25:00,4678.00,1036.26
2026-04-04,17:30:00,4678.00,1036.26
2026-04-04,17:35:00,4678.00,1036.26
2026-04-04,17:40:00,4678.00,1036.26
2026-04-04,17:45:00,4678.00,1036.26
2026-04-04,17:50:00,4678.00,1036.26
2026-04-04,17:55:00,4678.00,1036.26
2026-04-04,18:00:00,4678.00,1036.26
2026-04-04,18:05:00,4678.00,1036.26
2026-04-04,18:10:00,4678.00,1036.26
2026-04-04,18:15:00,4678.00,1036.26
2026-04-04,18:20:00,4678.00,1036.26
2026-04-04,18:25:00,4678.00,1036.26
2026-04-04,18:30:00,4678.00,1036.26
2026-04-04,18:35:00,4678.00,1036.26
2026-04-04,18:40:00,4678.00,1036.26
2026-04-04,18:45:00,4678.00,1036.26
2026-04-04,18:50:00,4678.00,1036.26
2026-04-04,18:55:00,4678.00,1036.26
2026-04-04,19:00:00,4678.00,1036.26
2026-04-04,19:05:00,4678.00,1036.26
2026-04-04,19:10:00,4678.00,1036.26
2026-04-04,19:15:00,4678.00,1036.26
2026-04-04,19:20:00,4678.00,1036.26
2026-04-04,19:25:00,4678.00,1036.26
2026-04-04,19:30:00,4678.00,1036.26
2026-04-04,19:35:00,4678.00,1036.26
2026-04-04,19:40:00,4678.00,1036.26
2026-04-04,19:45:00,4678.00,1036.26
2026-04-04,19:50:00,4678.00,1036.26
2026-04-04,19:55:00,4678.00,1036.26
2026-04-04,20:00:00,4678.00,1036.26
2026-04-04,20:05:00,4678.00,1036.26
2026-04-04,20:10:00,4678.00,1036.26
2026-04-04,20:15:00,4678.00,1036.26
2026-04-04,20:20:00,4678.00,1036.26
2026-04-04,20:25:00,4678.00,1036.26
2026-04-04,20:30:00,4678.00,1036.26
2026-04-04,20:35:00,4678.00,1036.26
2026-04-04,20:40:00,4678.00,1036.26
2026-04-04,20:45:00,4678.00,1036.26
2026-04-04,20:50:00,4678.00,1036.26
2026-04-04,20:55:00,4678.00,1036.26
2026-04-04,21:00:00,4678.00,1036.26
2026-04-04,21:05:00,4678.00,1036.26
2026-04-04,21:10:00,4678.00,1036.26
2026-04-04,21:15:00,4678.00,1036.26
2026-04-04,21:20:00,4678.00,1036.26
2026-04-04,21:25:00,4678.00,1036.26
2026-04-04,21:30:00,4678.00,1036.26
2026-04-04,21:35:00,4678.00,1036.26
2026-04-04,21:40:00,4678.00,1036.26
2026-04-04,21:45:00,4678.00,1036.26
2026-04-04,21:50:00,4678.00,1036.26
2026-04-04,21:55:00,4678.00,1036.26
2026-04-04,22:00:00,4678.00,1036.26
2026-04-04,22:05:00,4678.00,1036.26
2026-04-04,22:10:00,4678.00,1036.26
2026-04-04,22:15:00,4678.00,1036.26
2026-04-04,22:20:00,4678.00,1036.26
2026-04-04,22:25:00,4678.00,1036.26
2026-04-04,22:30:00,4678.00,1036.26
2026-04-04,22:35:00,4678.00,1036.26
2026-04-04,22:40:00,4678.00,1036.26
2026-04-04,22:45:00,4678.00,1036.26
2026-04-04,22:50:00,4678.00,1036.26
2026-04-04,22:55:00,4678.00,1036.26
2026-04-04,23:00:00,4678.00,1036.26
2026-04-04,23:05:00,4678.00,1036.26
2026-04-04,23:10:00,4678.00,1036.26
2026-04-04,23:15:00,4678.00,1036.26
2026-04-04,23:20:00,4678.00,1036.26
2026-04-04,23:25:00,4678.00,1036.26
2026-04-04,23:30:00,4678.00,1036.26
2026-04-04,23:35:00,4678.00,1036.26
2026-04-04,23:40:00,4678.00,1036.26
2026-04-04,23:45:00,4678.00,1036.26
2026-04-04,23:50:00,4678.00,1036.26
2026-04-04,23:55:00,4678.00,1036.26
2026-04-05,00:00:00,4678.00,1036.26
2026-04-05,00:00:00,4678.00,1037.77
2026-04-05,00:05:00,4678.00,1036.26
2026-04-05,00:05:00,4678.00,1037.77
2026-04-05,00:05:00,4678.00,1037.77
2026-04-05,00:10:00,4678.00,1036.26
2026-04-05,00:10:00,4678.00,1037.77
2026-04-05,00:10:00,4678.00,1037.77
2026-04-05,00:15:00,4678.00,1036.26
2026-04-05,00:15:00,4678.00,1037.77
2026-04-05,00:15:00,4678.00,1037.77
2026-04-05,00:20:00,4678.00,1036.26
2026-04-05,00:20:00,4678.00,1037.77
2026-04-05,00:20:00,4678.00,1037.77
2026-04-05,00:25:00,4678.00,1036.26
2026-04-05,00:25:00,4678.00,1037.77
2026-04-05,00:25:00,4678.00,1037.77
2026-04-05,00:30:00,4678.00,1036.26
2026-04-05,00:30:00,4678.00,1037.77
2026-04-05,00:30:00,4678.00,1037.77
2026-04-05,00:35:00,4678.00,1036.26
2026-04-05,00:35:00,4678.00,1037.77
2026-04-05,00:35:00,4678.00,1037.77
2026-04-05,00:40:00,4678.00,1036.26
2026-04-05,00:40:00,4678.00,1037.77
2026-04-05,00:40:00,4678.00,1037.77
2026-04-05,00:45:00,4678.00,1036.26
2026-04-05,00:45:00,4678.00,1037.77
2026-04-05,00:45:00,4678.00,1037.77
2026-04-05,00:50:00,4678.00,1036.26
2026-04-05,00:50:00,4678.00,1037.77
2026-04-05,00:50:00,4678.00,1037.77
2026-04-05,00:55:00,4678.00,1036.26
2026-04-05,00:55:00,4678.00,1037.77
2026-04-05,00:55:00,4678.00,1037.77
2026-04-05,01:00:00,4678.00,1036.26
2026-04-05,01:05:00,4678.00,1036.26
2026-04-05,01:10:00,4678.00,1036.26
2026-04-05,01:15:00,4678.00,1036.26
2026-04-05,01:20:00,4678.00,1036.26
2026-04-05,01:25:00,4678.00,1036.26
2026-04-05,01:30:00,4678.00,1036.26
2026-04-05,01:35:00,4678.00,1036.26
2026-04-05,01:40:00,4678.00,1036.26
2026-04-05,01:45:00,4678.00,1036.26
2026-04-05,01:50:00,4678.00,1036.26
2026-04-05,01:55:00,4678.00,1036.26
2026-04-05,02:00:00,4678.00,1036.26
2026-04-05,02:05:00,4678.00,1036.26
2026-04-05,02:10:00,4678.00,1036.26
2026-04-05,02:15:00,4678.00,1036.26
2026-04-05,02:20:00,4678.00,1036.26
2026-04-05,02:25:00,4678.00,1036.26
2026-04-05,02:30:00,4678.00,1036.26
2026-04-05,02:35:00,4678.00,1036.26
2026-04-05,02:40:00,4678.00,1036.26
2026-04-05,02:45:00,4678.00,1036.26
2026-04-05,02:50:00,4678.00,1036.26
2026-04-05,02:55:00,4678.00,1036.26
2026-04-05,03:00:00,4678.00,1036.26
2026-04-05,03:05:00,4678.00,1036.26
2026-04-05,03:10:00,4678.00,1036.26
2026-04-05,03:15:00,4678.00,1036.26
2026-04-05,03:20:00,4678.00,1036.26
2026-04-05,03:25:00,4678.00,1036.26
2026-04-05,03:30:00,4678.00,1036.26
2026-04-05,03:35:00,4678.00,1036.26
2026-04-05,03:40:00,4678.00,1036.26
2026-04-05,03:45:00,4678.00,1036.26
2026-04-05,03:50:00,4678.00,1036.26
2026-04-05,03:55:00,4678.00,1036.26
2026-04-05,04:00:00,4678.00,1036.26
2026-04-05,04:05:00,4678.00,1036.26
2026-04-05,04:10:00,4678.00,1036.26
2026-04-05,04:15:00,4678.00,1036.26
2026-04-05,04:20:00,4678.00,1036.26
2026-04-05,04:25:00,4678.00,1036.26
2026-04-05,04:30:00,4678.00,1036.26
2026-04-05,04:35:00,4678.00,1036.26
2026-04-05,04:40:00,4678.00,1036.26
2026-04-05,04:45:00,4678.00,1036.26
2026-04-05,04:50:00,4678.00,1036.26
2026-04-05,04:55:00,4678.00,1036.26
2026-04-05,05:00:00,4678.00,1036.26
2026-04-05,05:05:00,4678.00,1036.26
2026-04-05,05:10:00,4678.00,1036.26
2026-04-05,05:15:00,4678.00,1036.26
2026-04-05,05:20:00,4678.00,1036.26
2026-04-05,05:25:00,4678.00,1036.26
2026-04-05,05:30:00,4678.00,1036.26
2026-04-05,05:35:00,4678.00,1036.26
2026-04-05,05:40:00,4678.00,1036.26
2026-04-05,05:45:00,4678.00,1036.26
2026-04-05,05:50:00,4678.00,1036.26
2026-04-05,05:55:00,4678.00,1036.26
2026-04-05,06:00:00,4678.00,1036.26
2026-04-05,06:05:00,4678.00,1036.26
2026-04-05,06:10:00,4678.00,1036.26
2026-04-05,06:15:00,4678.00,1036.26
2026-04-05,06:20:00,4678.00,1036.26
2026-04-05,06:25:00,4678.00,1036.26
2026-04-05,06:30:00,4678.00,1036.26
2026-04-05,06:35:00,4678.00,1036.26
2026-04-05,06:40:00,4678.00,1036.26
2026-04-05,06:45:00,4678.00,1036.26
2026-04-05,06:50:00,4678.00,1036.26
2026-04-05,06:55:00,4678.00,1036.26
2026-04-05,07:00:00,4678.00,1036.26
2026-04-05,07:05:00,4678.00,1036.26
2026-04-05,07:10:00,4678.00,1036.26
2026-04-05,07:15:00,4678.00,1036.26
2026-04-05,07:20:00,4678.00,1036.26
2026-04-05,07:25:00,4678.00,1036.26
2026-04-05,07:30:00,4678.00,1036.26
2026-04-05,07:35:00,4678.00,1036.26
2026-04-05,07:40:00,4678.00,1036.26
2026-04-05,07:45:00,4678.00,1036.26
2026-04-05,07:50:00,4678.00,1036.26
2026-04-05,07:55:00,4678.00,1036.26
2026-04-05,10:00:00,4678.00,1037.77
2026-04-05,10:05:00,4678.00,1037.77
2026-04-05,10:10:00,4678.00,1037.77
2026-04-05,10:15:00,4678.00,1037.77
2026-04-05,10:20:00,4678.00,1037.77
2026-04-05,10:25:00,4678.00,1037.77
2026-04-05,10:30:00,4678.00,1037.77
2026-04-05,10:35:00,4678.00,1037.77
2026-04-05,10:40:00,4678.00,1037.77
2026-04-05,10:45:00,4678.00,1037.77
2026-04-05,10:50:00,4678.00,1037.77
2026-04-05,10:55:00,4678.00,1037.77
2026-04-05,11:00:00,4678.00,1037.77
2026-04-05,11:05:00,4678.00,1037.77
2026-04-05,11:10:00,4678.00,1037.77
2026-04-05,11:15:00,4678.00,1037.77
2026-04-05,11:20:00,4678.00,1037.77
2026-04-05,11:25:00,4678.00,1037.77
2026-04-05,11:30:00,4678.00,1037.77
2026-04-05,11:35:00,4678.00,1037.77
2026-04-05,11:40:00,4678.00,1037.77
2026-04-05,11:45:00,4678.00,1037.77
2026-04-05,11:50:00,4678.00,1037.77
2026-04-05,11:55:00,4678.00,1037.77
2026-04-05,12:00:00,4678.00,1037.77
2026-04-05,12:10:00,4678.00,1037.77
2026-04-05,12:15:00,4678.00,1037.77
2026-04-05,12:20:00,4678.00,1037.77
2026-04-05,12:25:00,4678.00,1037.77
2026-04-05,12:30:00,4678.00,1037.77
2026-04-05,12:35:00,4678.00,1037.77
2026-04-05,12:40:00,4678.00,1037.77
2026-04-05,12:45:00,4678.00,1037.77
2026-04-05,12:50:00,4678.00,1037.77
2026-04-05,12:55:00,4678.00,1037.77
2026-04-05,13:00:00,4678.00,1037.77
2026-04-05,13:05:00,4678.00,1037.77
2026-04-05,13:10:00,4678.00,1037.77
2026-04-05,13:15:00,4678.00,1037.77
2026-04-05,13:20:00,4678.00,1037.77
2026-04-05,13:25:00,4678.00,1037.77
2026-04-05,13:30:00,4678.00,1037.77
2026-04-05,13:35:00,4678.00,1037.77
2026-04-05,13:40:00,4678.00,1037.77
2026-04-05,13:45:00,4678.00,1037.77
2026-04-05,13:50:00,4678.00,1037.77
2026-04-05,13:55:00,4678.00,1037.77
2026-04-05,14:00:00,4678.00,1037.77
2026-04-05,14:05:00,4678.00,1037.77
2026-04-05,14:10:00,4678.00,1037.77
2026-04-05,14:15:00,4678.00,1037.77
2026-04-05,14:20:00,4678.00,1037.77
2026-04-05,14:25:00,4678.00,1037.77
2026-04-05,14:30:00,4678.00,1037.77
2026-04-05,14:35:00,4678.00,1037.77
2026-04-05,14:40:00,4678.00,1037.77
2026-04-05,14:45:00,4678.00,1037.77
2026-04-05,14:50:00,4678.00,1037.77
2026-04-05,14:55:00,4678.00,1037.77
2026-04-05,15:00:00,4678.00,1037.77
2026-04-05,15:05:00,4678.00,1037.77
2026-04-05,15:10:00,4678.00,1037.77
2026-04-05,15:15:00,4678.00,1037.77
2026-04-05,15:20:00,4678.00,1037.77
2026-04-05,15:25:00,4678.00,1037.77
2026-04-05,15:30:00,4678.00,1037.77
2026-04-05,15:35:00,4678.00,1037.77
2026-04-05,15:40:00,4678.00,1037.77
2026-04-05,15:45:00,4678.00,1037.77
2026-04-05,15:50:00,4678.00,1037.77
2026-04-05,15:55:00,4678.00,1037.77
2026-04-05,16:00:00,4678.00,1037.77
2026-04-05,16:10:00,4678.00,1037.77
2026-04-05,16:15:00,4678.00,1037.77
2026-04-05,16:20:00,4678.00,1037.77
2026-04-05,16:25:00,4678.00,1037.77
2026-04-05,16:30:00,4678.00,1037.77
2026-04-05,16:35:00,4678.00,1037.77
2026-04-05,16:40:00,4678.00,1037.77
2026-04-05,16:45:00,4678.00,1037.77
2026-04-05,16:50:00,4678.00,1037.77
2026-04-05,16:55:00,4678.00,1037.77
2026-04-05,17:00:00,4678.00,1037.77
2026-04-05,17:05:00,4678.00,1037.77
2026-04-05,17:10:00,4678.00,1037.77
2026-04-05,17:15:00,4678.00,1037.77
2026-04-05,17:20:00,4678.00,1037.77
2026-04-05,17:25:00,4678.00,1037.77
2026-04-05,17:30:00,4678.00,1037.77
2026-04-05,17:35:00,4678.00,1037.77
2026-04-05,17:40:00,4678.00,1037.77
2026-04-05,17:45:00,4678.00,1037.77
2026-04-05,17:50:00,4678.00,1037.77
2026-04-05,17:55:00,4678.00,1037.77
2026-04-05,18:00:00,4678.00,1037.77
2026-04-05,18:05:00,4678.00,1037.77
2026-04-05,18:10:00,4678.00,1037.77
2026-04-05,18:15:00,4678.00,1037.77
2026-04-05,18:20:00,4678.00,1037.77
2026-04-05,18:25:00,4678.00,1037.77
2026-04-05,18:35:00,4678.00,1037.77
2026-04-05,18:40:00,4678.00,1037.77
2026-04-05,18:45:00,4678.00,1037.77
2026-04-05,18:50:00,4678.00,1037.77
2026-04-05,18:55:00,4678.00,1037.77
2026-04-05,19:00:00,4678.00,1037.77
2026-04-05,19:05:00,4678.00,1037.77
2026-04-05,19:10:00,4678.00,1037.77
2026-04-05,19:15:00,4678.00,1037.77
2026-04-05,19:20:00,4678.00,1037.77
2026-04-05,19:25:00,4678.00,1037.77
2026-04-05,19:35:00,4678.00,1037.77
2026-04-05,19:40:00,4678.00,1037.77
2026-04-05,19:45:00,4678.00,1037.77
2026-04-05,19:50:00,4678.00,1037.77
2026-04-05,19:55:00,4678.00,1037.77
2026-04-05,20:00:00,4678.00,1037.77
2026-04-05,20:05:00,4678.00,1037.77
2026-04-05,20:10:00,4678.00,1037.77
2026-04-05,20:15:00,4678.00,1037.77
2026-04-05,20:20:00,4678.00,1037.77
2026-04-05,20:25:00,4678.00,1037.77
2026-04-05,20:30:00,4678.00,1037.77
2026-04-05,20:35:00,4678.00,1037.77
2026-04-05,20:40:00,4678.00,1037.77
2026-04-05,20:45:00,4678.00,1037.77
2026-04-05,20:50:00,4678.00,1037.77
2026-04-05,20:55:00,4678.00,1037.77
2026-04-05,21:00:00,4678.00,1037.77
2026-04-05,21:10:00,4678.00,1037.77
2026-04-05,21:15:00,4678.00,1037.77
2026-04-05,21:20:00,4678.00,1037.77
2026-04-05,21:25:00,4678.00,1037.77
2026-04-05,21:30:00,4678.00,1037.77
2026-04-05,21:40:00,4678.00,1037.77
2026-04-05,21:45:00,4678.00,1037.77
2026-04-05,21:50:00,4678.00,1037.77
2026-04-05,21:55:00,4678.00,1037.77
2026-04-05,22:05:00,4678.00,1037.77
2026-04-05,22:10:00,4678.00,1037.77
2026-04-05,22:15:00,4678.00,1037.77
2026-04-05,22:20:00,4678.00,1037.77
2026-04-05,22:25:00,4678.00,1037.77
2026-04-05,22:30:00,4678.00,1037.77
2026-04-05,22:35:00,4678.00,1037.77
2026-04-05,22:40:00,4678.00,1037.77
2026-04-05,22:45:00,4678.00,1037.77
2026-04-05,22:50:00,4678.00,1037.77
2026-04-05,22:55:00,4678.00,1037.77
2026-04-05,23:00:00,4678.00,1037.77
2026-04-05,23:05:00,4678.00,1037.77
2026-04-05,23:10:00,4678.00,1037.77
2026-04-05,23:15:00,4678.00,1037.77
2026-04-05,23:20:00,4678.00,1037.77
2026-04-05,23:25:00,4678.00,1037.77
2026-04-05,23:30:00,4678.00,1037.77
2026-04-05,23:35:00,4678.00,1037.77
2026-04-05,23:40:00,4678.00,1037.77
2026-04-05,23:45:00,4678.00,1037.77
2026-04-05,23:50:00,4678.00,1037.77
2026-04-05,23:55:00,4678.00,1037.77
2026-04-06,00:00:00,4626.00,1024.74
2026-04-06,00:05:00,4678.00,1037.77
2026-04-06,00:05:00,4619.20,1023.24
2026-04-06,00:05:00,4630.90,1025.83
2026-04-06,00:10:00,4678.00,1037.77
2026-04-06,00:10:00,4626.20,1024.79
2026-04-06,00:10:00,4639.90,1027.82
2026-04-06,00:15:00,4678.00,1037.77
2026-04-06,00:15:00,4626.60,1024.88
2026-04-06,00:15:00,4642.20,1028.33
2026-04-06,00:20:00,4678.00,1037.77
2026-04-06,00:20:00,4622.00,1023.86
2026-04-06,00:20:00,4628.70,1025.34
2026-04-06,00:25:00,4678.00,1037.77
2026-04-06,00:25:00,4621.70,1023.79
2026-04-06,00:25:00,4635.40,1026.83
2026-04-06,00:30:00,4678.00,1037.77
2026-04-06,00:30:00,4602.80,1019.61
2026-04-06,00:30:00,4641.00,1028.07
2026-04-06,00:35:00,4678.00,1037.77
2026-04-06,00:35:00,4609.20,1021.02
2026-04-06,00:35:00,4628.50,1025.30
2026-04-06,00:40:00,4678.00,1037.77
2026-04-06,00:40:00,4611.70,1021.58
2026-04-06,00:40:00,4635.00,1026.74
2026-04-06,00:45:00,4678.00,1037.77
2026-04-06,00:45:00,4621.50,1023.75
2026-04-06,00:45:00,4629.90,1025.61
2026-04-06,00:50:00,4678.00,1037.77
2026-04-06,00:50:00,4619.80,1023.37
2026-04-06,00:50:00,4626.20,1024.79
2026-04-06,00:55:00,4678.00,1037.77
2026-04-06,00:55:00,4617.40,1022.84
2026-04-06,00:55:00,4626.30,1024.81
2026-04-06,01:00:00,4678.00,1037.77
2026-04-06,01:05:00,4678.00,1037.77
2026-04-06,01:10:00,4678.00,1037.77
2026-04-06,01:15:00,4678.00,1037.77
2026-04-06,01:20:00,4678.00,1037.77
2026-04-06,01:25:00,4678.00,1037.77
2026-04-06,01:30:00,4678.00,1037.77
2026-04-06,01:35:00,4678.00,1037.77
2026-04-06,01:40:00,4678.00,1037.77
2026-04-06,01:45:00,4678.00,1037.77
2026-04-06,01:50:00,4678.00,1037.77
2026-04-06,01:55:00,4678.00,1037.77
2026-04-06,02:00:00,4678.00,1037.77
2026-04-06,02:05:00,4678.00,1037.77
2026-04-06,02:10:00,4678.00,1037.77
2026-04-06,02:15:00,4678.00,1037.77
2026-04-06,02:20:00,4678.00,1037.77
2026-04-06,02:25:00,4678.00,1037.77
2026-04-06,02:30:00,4678.00,1037.77
2026-04-06,02:35:00,4678.00,1037.77
2026-04-06,02:40:00,4678.00,1037.77
2026-04-06,02:45:00,4678.00,1037.77
2026-04-06,02:50:00,4678.00,1037.77
2026-04-06,02:55:00,4678.00,1037.77
2026-04-06,03:00:00,4678.00,1037.77
2026-04-06,03:05:00,4678.00,1037.77
2026-04-06,03:10:00,4678.00,1037.77
2026-04-06,03:15:00,4678.00,1037.77
2026-04-06,03:20:00,4678.00,1037.77
2026-04-06,03:25:00,4678.00,1037.77
2026-04-06,03:30:00,4678.00,1037.77
2026-04-06,03:35:00,4678.00,1037.77
2026-04-06,03:40:00,4678.00,1037.77
2026-04-06,03:45:00,4678.00,1037.77
2026-04-06,03:50:00,4678.00,1037.77
2026-04-06,03:55:00,4678.00,1037.77
2026-04-06,04:00:00,4678.00,1037.77
2026-04-06,04:05:00,4678.00,1037.77
2026-04-06,04:10:00,4678.00,1037.77
2026-04-06,04:15:00,4678.00,1037.77
2026-04-06,04:20:00,4678.00,1037.77
2026-04-06,04:25:00,4678.00,1037.77
2026-04-06,04:30:00,4678.00,1037.77
2026-04-06,04:35:00,4678.00,1037.77
2026-04-06,04:40:00,4678.00,1037.77
2026-04-06,04:45:00,4678.00,1037.77
2026-04-06,04:50:00,4678.00,1037.77
2026-04-06,04:55:00,4678.00,1037.77
2026-04-06,05:00:00,4678.00,1037.77
2026-04-06,05:05:00,4678.00,1037.77
2026-04-06,05:10:00,4678.00,1037.77
2026-04-06,05:15:00,4678.00,1037.77
2026-04-06,05:20:00,4678.00,1037.77
2026-04-06,05:25:00,4678.00,1037.77
2026-04-06,05:30:00,4678.00,1037.77
2026-04-06,05:35:00,4678.00,1037.77
2026-04-06,05:40:00,4678.00,1037.77
2026-04-06,05:45:00,4678.00,1037.77
2026-04-06,05:50:00,4678.00,1037.77
2026-04-06,05:55:00,4678.00,1037.77
2026-04-06,06:00:00,4678.00,1037.77
2026-04-06,06:05:00,4636.00,1028.45
2026-04-06,06:10:00,4638.60,1029.03
2026-04-06,06:15:00,4632.50,1027.67
2026-04-06,06:20:00,4640.10,1029.36
2026-04-06,06:25:00,4642.50,1029.89
2026-04-06,06:30:00,4637.80,1028.85
2026-04-06,06:35:00,4639.30,1029.18
2026-04-06,06:40:00,4640.60,1029.47
2026-04-06,06:45:00,4639.40,1029.20
2026-04-06,06:50:00,4640.20,1029.38
2026-04-06,06:55:00,4648.70,1031.27
2026-04-06,07:00:00,4646.20,1030.71
2026-04-06,07:05:00,4638.80,1029.07
2026-04-06,07:10:00,4633.60,1027.92
2026-04-06,07:15:00,4630.10,1027.14
2026-04-06,07:20:00,4629.20,1026.94
2026-04-06,07:25:00,4621.90,1025.32
2026-04-06,07:30:00,4614.50,1023.68
2026-04-06,07:35:00,4611.60,1023.04
2026-04-06,07:40:00,4615.00,1023.79
2026-04-06,07:45:00,4606.70,1021.95
2026-04-06,07:50:00,4612.50,1023.24
2026-04-06,07:55:00,4619.40,1024.77
2026-04-06,10:00:00,4626.20,1024.79
2026-04-06,10:05:00,4628.50,1025.30
2026-04-06,10:10:00,4628.70,1025.34
2026-04-06,10:15:00,4639.80,1027.80
2026-04-06,10:20:00,4656.00,1031.39
2026-04-06,10:25:00,4670.20,1034.54
2026-04-06,10:30:00,4664.70,1033.32
2026-04-06,10:35:00,4656.70,1031.55
2026-04-06,10:40:00,4651.60,1030.42
2026-04-06,10:45:00,4653.80,1030.90
2026-04-06,10:50:00,4655.20,1031.21
2026-04-06,10:55:00,4653.60,1030.86
2026-04-06,11:00:00,4651.20,1030.33
2026-04-06,11:05:00,4635.40,1026.83
2026-04-06,11:10:00,4631.90,1026.05
2026-04-06,11:15:00,4631.90,1026.05
2026-04-06,11:20:00,4635.00,1026.74
2026-04-06,11:25:00,4630.00,1025.63
2026-04-06,11:30:00,4631.70,1026.01
2026-04-06,11:35:00,4628.90,1025.39
2026-04-06,11:40:00,4633.60,1026.43
2026-04-06,11:45:00,4632.40,1026.16
2026-04-06,11:50:00,4633.60,1026.43
2026-04-06,11:55:00,4637.40,1027.27
2026-04-06,12:00:00,4642.30,1028.36
2026-04-06,12:05:00,4645.90,1029.15
2026-04-06,12:10:00,4646.10,1029.20
2026-04-06,12:15:00,4647.90,1029.60
2026-04-06,12:20:00,4645.90,1029.15
2026-04-06,12:25:00,4643.10,1028.53
2026-04-06,12:30:00,4646.90,1029.37
2026-04-06,12:35:00,4644.60,1028.86
2026-04-06,12:40:00,4650.70,1030.22
2026-04-06,12:45:00,4651.30,1030.35
2026-04-06,12:50:00,4651.70,1030.44
2026-04-06,12:55:00,4654.80,1031.12
2026-04-06,13:00:00,4659.70,1032.21
2026-04-06,13:05:00,4662.10,1032.74
2026-04-06,13:10:00,4669.90,1034.47
2026-04-06,13:15:00,4673.00,1035.16
2026-04-06,13:20:00,4677.50,1036.15
2026-04-06,13:25:00,4673.70,1035.31
2026-04-06,13:30:00,4668.80,1034.23
2026-04-06,13:35:00,4667.10,1033.85
2026-04-06,13:40:00,4667.80,1034.00
2026-04-06,13:45:00,4664.30,1033.23
2026-04-06,13:50:00,4661.10,1032.52
2026-04-06,13:55:00,4665.90,1033.58
2026-04-06,14:00:00,4657.60,1031.74
2026-04-06,14:05:00,4649.80,1030.02
2026-04-06,14:10:00,4660.10,1032.30
2026-04-06,14:15:00,4660.70,1032.43
2026-04-06,14:20:00,4661.30,1032.56
2026-04-06,14:25:00,4655.60,1031.30
2026-04-06,14:30:00,4657.00,1031.61
2026-04-06,14:35:00,4659.90,1032.25
2026-04-06,14:40:00,4653.60,1030.86
2026-04-06,14:45:00,4658.80,1032.01
2026-04-06,14:50:00,4658.10,1031.86
2026-04-06,14:55:00,4664.30,1033.23
2026-04-06,15:00:00,4663.80,1033.12
2026-04-06,15:05:00,4662.90,1032.92
2026-04-06,15:10:00,4660.20,1032.32
2026-04-06,15:15:00,4652.40,1030.59
2026-04-06,15:20:00,4650.40,1030.15
2026-04-06,15:25:00,4650.10,1030.08
2026-04-06,15:30:00,4651.30,1030.35
2026-04-06,15:35:00,4653.30,1030.79
2026-04-06,15:40:00,4657.20,1031.66
2026-04-06,15:45:00,4665.80,1033.56
2026-04-06,15:50:00,4667.10,1033.85
2026-04-06,15:55:00,4684.30,1037.66
2026-04-06,16:00:00,4688.80,1038.66
2026-04-06,16:10:00,4685.70,1037.97
2026-04-06,16:15:00,4691.20,1039.19
2026-04-06,16:20:00,4688.10,1038.50
2026-04-06,16:25:00,4690.90,1039.12
2026-04-06,16:30:00,4691.70,1039.30
2026-04-06,16:35:00,4694.10,1039.83
2026-04-06,16:40:00,4694.80,1039.98
2026-04-06,16:45:00,4693.00,1039.59
2026-04-06,16:50:00,4696.90,1040.45
2026-04-06,16:55:00,4693.20,1039.63
2026-04-06,17:00:00,4697.60,1040.61
2026-04-06,17:05:00,4701.90,1041.56
2026-04-06,17:10:00,4700.30,1041.20
2026-04-06,17:15:00,4700.50,1041.25
2026-04-06,17:20:00,4700.70,1041.29
2026-04-06,17:25:00,4698.70,1040.85
2026-04-06,17:30:00,4702.20,1041.62
2026-04-06,17:35:00,4704.40,1042.11
2026-04-06,17:40:00,4703.80,1041.98
2026-04-06,17:45:00,4706.90,1042.67
2026-04-06,17:50:00,4703.00,1041.80
2026-04-06,17:55:00,4696.70,1040.41
2026-04-06,18:00:00,4693.70,1039.74
2026-04-06,18:05:00,4696.30,1040.32
2026-04-06,18:10:00,4694.00,1039.81
2026-04-06,18:15:00,4692.50,1039.48
2026-04-06,18:20:00,4690.80,1039.10
2026-04-06,18:25:00,4692.80,1039.54
2026-04-06,18:30:00,4688.80,1038.66
2026-04-06,18:35:00,4694.50,1039.92
2026-04-06,18:40:00,4691.90,1039.34
2026-04-06,18:45:00,4696.50,1040.36
2026-04-06,18:50:00,4694.20,1039.85
2026-04-06,18:55:00,4695.20,1040.07
2026-04-06,19:00:00,4691.00,1039.14
2026-04-06,19:05:00,4696.00,1040.25
2026-04-06,19:10:00,4695.90,1040.23
2026-04-06,19:15:00,4690.80,1039.10
2026-04-06,19:20:00,4691.90,1039.34
2026-04-06,19:25:00,4689.50,1038.81
2026-04-06,19:30:00,4691.10,1039.17
2026-04-06,19:35:00,4692.10,1039.39
2026-04-06,19:40:00,4687.00,1038.26
2026-04-06,19:45:00,4691.00,1039.14
2026-04-06,19:50:00,4684.20,1037.64
2026-04-06,19:55:00,4684.10,1037.61
2026-04-06,20:00:00,4678.70,1036.42
2026-04-06,20:05:00,4684.20,1037.64
2026-04-06,20:10:00,4680.30,1036.77
2026-04-06,20:15:00,4673.10,1035.18
2026-04-06,20:20:00,4673.90,1035.36
2026-04-06,20:25:00,4665.80,1033.56
2026-04-06,20:30:00,4667.40,1033.92
2026-04-06,20:35:00,4676.30,1035.89
2026-04-06,20:40:00,4677.10,1036.06
2026-04-06,20:45:00,4676.60,1035.95
2026-04-06,20:50:00,4679.90,1036.68
2026-04-06,20:55:00,4677.20,1036.09
2026-04-06,21:00:00,4676.20,1035.86
2026-04-06,21:05:00,4674.30,1035.44
2026-04-06,21:10:00,4664.10,1033.18
2026-04-06,21:15:00,4668.90,1034.25
2026-04-06,21:20:00,4669.20,1034.31
2026-04-06,21:25:00,4670.00,1034.49
2026-04-06,21:30:00,4671.80,1034.89
2026-04-06,21:35:00,4673.00,1035.16
2026-04-06,21:40:00,4671.60,1034.85
2026-04-06,21:45:00,4674.30,1035.44
2026-04-06,21:50:00,4671.40,1034.80
2026-04-06,21:55:00,4678.90,1036.46
2026-04-06,22:00:00,4680.00,1036.71
2026-04-06,22:05:00,4677.40,1036.13
2026-04-06,22:10:00,4668.90,1034.25
2026-04-06,22:15:00,4671.20,1034.76
2026-04-06,22:20:00,4678.60,1036.40
2026-04-06,22:25:00,4684.50,1037.70
2026-04-06,22:30:00,4688.50,1038.59
2026-04-06,22:35:00,4686.40,1038.12
2026-04-06,22:40:00,4682.80,1037.33
2026-04-06,22:45:00,4689.70,1038.86
2026-04-06,22:50:00,4680.30,1036.77
2026-04-06,22:55:00,4685.90,1038.01
2026-04-06,23:00:00,4688.40,1038.57
2026-04-06,23:05:00,4671.70,1034.87
2026-04-06,23:20:00,4664.40,1033.25
2026-04-06,23:25:00,4667.80,1034.00
2026-04-06,23:30:00,4668.90,1034.25
2026-04-06,23:35:00,4671.00,1034.71
2026-04-06,23:40:00,4655.50,1031.28
2026-04-06,23:45:00,4659.40,1032.14
2026-04-06,23:50:00,4664.90,1033.36
2026-04-06,23:55:00,4666.30,1033.67
2026-04-07,00:00:00,4667.00,1033.83
2026-04-07,00:00:00,4658.00,1031.83
2026-04-07,00:05:00,4669.50,1034.38
2026-04-07,00:05:00,4652.10,1030.53
2026-04-07,00:05:00,4660.90,1032.48
2026-04-07,00:10:00,4664.30,1033.23
2026-04-07,00:10:00,4655.50,1031.28
2026-04-07,00:10:00,4658.80,1032.01
2026-04-07,00:15:00,4670.40,1034.58
2026-04-07,00:15:00,4660.90,1032.48
2026-04-07,00:15:00,4640.20,1027.89
2026-04-07,00:20:00,4668.10,1034.07
2026-04-07,00:20:00,4661.10,1032.52
2026-04-07,00:20:00,4649.30,1029.91
2026-04-07,00:25:00,4669.60,1034.40
2026-04-07,00:25:00,4657.90,1031.81
2026-04-07,00:25:00,4651.60,1030.42
2026-04-07,00:30:00,4669.30,1034.34
2026-04-07,00:30:00,4659.20,1032.10
2026-04-07,00:30:00,4653.90,1030.92
2026-04-07,00:35:00,4667.60,1033.96
2026-04-07,00:35:00,4661.20,1032.54
2026-04-07,00:35:00,4661.60,1032.63
2026-04-07,00:40:00,4668.50,1034.16
2026-04-07,00:40:00,4661.90,1032.70
2026-04-07,00:40:00,4632.40,1026.16
2026-04-07,00:45:00,4666.60,1033.74
2026-04-07,00:45:00,4661.80,1032.67
2026-04-07,00:45:00,4642.90,1028.49
2026-04-07,00:50:00,4664.90,1033.36
2026-04-07,00:50:00,4660.30,1032.34
2026-04-07,00:50:00,4641.50,1028.18
2026-04-07,00:55:00,4666.70,1033.76
2026-04-07,00:55:00,4659.30,1032.12
2026-04-07,00:55:00,4627.60,1025.10
2026-04-07,01:00:00,4660.30,1032.34
2026-04-07,01:05:00,4658.00,1031.83
2026-04-07,01:10:00,4660.50,1032.39
2026-04-07,01:15:00,4653.30,1030.79
2026-04-07,01:20:00,4658.40,1031.92
2026-04-07,01:25:00,4660.40,1032.36
2026-04-07,01:30:00,4660.40,1032.36
2026-04-07,01:35:00,4660.30,1032.34
2026-04-07,01:40:00,4660.50,1032.39
2026-04-07,01:45:00,4656.40,1031.48
2026-04-07,01:50:00,4653.20,1030.77
2026-04-07,01:55:00,4656.20,1031.43
2026-04-07,02:00:00,4655.70,1031.32
2026-04-07,02:05:00,4652.50,1030.61
2026-04-07,02:10:00,4658.80,1032.01
2026-04-07,02:15:00,4661.30,1032.56
2026-04-07,02:20:00,4664.20,1033.21
2026-04-07,02:25:00,4663.30,1033.01
2026-04-07,02:30:00,4664.00,1033.16
2026-04-07,02:35:00,4660.90,1032.48
2026-04-07,02:40:00,4653.70,1030.88
2026-04-07,02:45:00,4651.80,1030.46
2026-04-07,02:50:00,4652.30,1030.57
2026-04-07,02:55:00,4651.40,1030.37
2026-04-07,03:00:00,4658.40,1031.92
2026-04-07,03:05:00,4658.70,1031.99
2026-04-07,03:10:00,4651.70,1030.44
2026-04-07,03:15:00,4652.70,1030.66
2026-04-07,03:20:00,4649.20,1029.88
2026-04-07,03:25:00,4648.60,1029.75
2026-04-07,03:30:00,4650.00,1030.06
2026-04-07,03:35:00,4652.90,1030.70
2026-04-07,03:40:00,4653.50,1030.84
2026-04-07,03:45:00,4651.30,1030.35
2026-04-07,03:50:00,4655.50,1031.28
2026-04-07,03:55:00,4656.70,1031.55
2026-04-07,04:00:00,4656.30,1031.46
2026-04-07,04:05:00,4655.60,1031.30
2026-04-07,04:10:00,4653.70,1030.88
2026-04-07,04:15:00,4656.80,1031.57
2026-04-07,04:20:00,4658.30,1031.90
2026-04-07,04:25:00,4657.30,1031.68
2026-04-07,04:30:00,4657.60,1031.74
2026-04-07,04:35:00,4659.10,1032.08
2026-04-07,04:40:00,4657.10,1031.63
2026-04-07,04:45:00,4654.70,1031.10
2026-04-07,04:50:00,4652.60,1030.64
2026-04-07,04:55:00,4652.80,1030.68
2026-04-07,05:00:00,4651.70,1030.44
2026-04-07,05:05:00,4649.50,1029.95
2026-04-07,05:10:00,4649.50,1029.95
2026-04-07,05:15:00,4649.50,1029.95
2026-04-07,05:20:00,4649.50,1029.95
2026-04-07,05:25:00,4649.50,1029.95
2026-04-07,05:30:00,4649.50,1029.95
2026-04-07,05:35:00,4649.50,1029.95
2026-04-07,05:40:00,4649.50,1029.95
2026-04-07,05:45:00,4649.50,1029.95
2026-04-07,05:50:00,4649.50,1029.95
2026-04-07,05:55:00,4649.50,1029.95
2026-04-07,06:00:00,4649.50,1029.95
2026-04-07,06:05:00,4663.90,1033.14
2026-04-07,06:10:00,4666.50,1033.72
2026-04-07,06:15:00,4665.80,1033.56
2026-04-07,06:20:00,4666.50,1033.72
2026-04-07,06:25:00,4661.20,1032.54
2026-04-07,06:30:00,4661.80,1032.67
2026-04-07,06:35:00,4661.90,1032.70
2026-04-07,06:40:00,4661.70,1032.65
2026-04-07,06:45:00,4661.30,1032.56
2026-04-07,06:50:00,4662.90,1032.92
2026-04-07,06:55:00,4659.50,1032.17
2026-04-07,07:00:00,4659.40,1032.14
2026-04-07,07:05:00,4660.10,1032.30
2026-04-07,07:10:00,4660.10,1032.30
2026-04-07,07:15:00,4661.70,1032.65
2026-04-07,07:20:00,4660.30,1032.34
2026-04-07,07:25:00,4655.10,1031.19
2026-04-07,07:30:00,4656.50,1031.50
2026-04-07,07:35:00,4656.00,1031.39
2026-04-07,07:40:00,4655.30,1031.23
2026-04-07,07:45:00,4655.00,1031.17
2026-04-07,07:50:00,4657.70,1031.77
2026-04-07,07:55:00,4660.20,1032.32
2026-04-07,10:00:00,4624.90,1024.50
2026-04-07,10:05:00,4632.30,1026.14
2026-04-07,10:10:00,4628.30,1025.25
2026-04-07,10:15:00,4625.70,1024.68
2026-04-07,10:20:00,4630.60,1025.76
2026-04-07,10:25:00,4631.80,1026.03
2026-04-07,10:30:00,4634.00,1026.52
2026-04-07,10:35:00,4638.70,1027.56
2026-04-07,10:40:00,4640.70,1028.00
2026-04-07,10:45:00,4645.90,1029.15
2026-04-07,10:50:00,4653.10,1030.75
2026-04-07,10:55:00,4653.50,1030.84
2026-04-07,11:00:00,4651.00,1030.28
2026-04-07,11:05:00,4652.40,1030.59
2026-04-07,11:10:00,4646.40,1029.26
2026-04-07,11:15:00,4644.70,1028.89
2026-04-07,11:20:00,4645.20,1029.00
2026-04-07,11:25:00,4644.20,1028.78
2026-04-07,11:30:00,4644.40,1028.82
2026-04-07,11:35:00,4647.70,1029.55
2026-04-07,11:40:00,4646.40,1029.26
2026-04-07,11:45:00,4647.60,1029.53
2026-04-07,11:50:00,4649.70,1029.99
2026-04-07,11:55:00,4649.50,1029.95
2026-04-07,12:00:00,4650.90,1030.26
2026-04-07,12:05:00,4652.00,1030.50
2026-04-07,12:10:00,4650.20,1030.11
2026-04-07,12:15:00,4647.00,1029.40
2026-04-07,12:20:00,4648.90,1029.82
2026-04-07,12:25:00,4650.50,1030.17
2026-04-07,12:30:00,4651.10,1030.30
2026-04-07,12:35:00,4657.70,1031.77
2026-04-07,12:40:00,4660.70,1032.43
2026-04-07,12:45:00,4662.90,1032.92
2026-04-07,12:50:00,4664.00,1033.16
2026-04-07,12:55:00,4662.80,1032.90
2026-04-07,13:00:00,4661.90,1032.70
2026-04-07,13:05:00,4658.90,1032.03
2026-04-07,13:10:00,4657.10,1031.63
2026-04-07,13:15:00,4657.60,1031.74
2026-04-07,13:20:00,4655.70,1031.32
2026-04-07,13:25:00,4652.80,1030.68
2026-04-07,13:30:00,4633.30,1026.36
2026-04-07,13:35:00,4637.90,1027.38
2026-04-07,13:40:00,4639.80,1027.80
2026-04-07,13:45:00,4634.60,1026.65
2026-04-07,13:50:00,4636.90,1027.16
2026-04-07,13:55:00,4641.50,1028.18
2026-04-07,14:00:00,4642.70,1028.44
2026-04-07,14:05:00,4642.80,1028.47
2026-04-07,14:10:00,4646.50,1029.29
2026-04-07,14:15:00,4646.70,1029.33
2026-04-07,14:20:00,4644.90,1028.93
2026-04-07,14:25:00,4640.20,1027.89
2026-04-07,14:30:00,4642.70,1028.44
2026-04-07,14:35:00,4647.20,1029.44
2026-04-07,14:40:00,4646.20,1029.22
2026-04-07,14:45:00,4654.50,1031.06
2026-04-07,14:50:00,4650.60,1030.19
2026-04-07,14:55:00,4654.20,1030.99
2026-04-07,15:00:00,4654.80,1031.12
2026-04-07,15:05:00,4654.30,1031.01
2026-04-07,15:10:00,4651.20,1030.33
2026-04-07,15:15:00,4652.60,1030.64
2026-04-07,15:20:00,4654.90,1031.15
2026-04-07,15:25:00,4648.10,1029.64
2026-04-07,15:30:00,4642.00,1028.29
2026-04-07,15:35:00,4644.80,1028.91
2026-04-07,15:40:00,4646.50,1029.29
2026-04-07,15:45:00,4644.60,1028.86
2026-04-07,15:50:00,4644.60,1028.86
2026-04-07,15:55:00,4640.80,1028.02
2026-04-07,16:00:00,4646.20,1029.22
2026-04-07,16:05:00,4654.00,1030.95
2026-04-07,16:10:00,4651.80,1030.46
2026-04-07,16:15:00,4662.90,1032.92
2026-04-07,16:20:00,4660.70,1032.43
2026-04-07,16:25:00,4689.80,1038.88
2026-04-07,16:30:00,4680.20,1036.75
2026-04-07,16:35:00,4683.70,1037.53
2026-04-07,16:40:00,4683.90,1037.57
2026-04-07,16:45:00,4684.20,1037.64
2026-04-07,16:50:00,4682.20,1037.19
2026-04-07,16:55:00,4684.30,1037.66
2026-04-07,17:00:00,4686.80,1038.21
2026-04-07,17:05:00,4686.40,1038.12
2026-04-07,17:10:00,4684.60,1037.73
2026-04-07,17:15:00,4690.60,1039.05
2026-04-07,17:20:00,4690.50,1039.03
2026-04-07,17:25:00,4693.10,1039.61
2026-04-07,17:30:00,4689.60,1038.83
2026-04-07,17:35:00,4682.60,1037.28
2026-04-07,17:40:00,4677.60,1036.17
2026-04-07,17:45:00,4668.20,1034.09
2026-04-07,17:50:00,4665.80,1033.56
2026-04-07,17:55:00,4671.90,1034.91
2026-04-07,18:00:00,4673.60,1035.29
2026-04-07,18:05:00,4674.30,1035.44
2026-04-07,18:10:00,4679.00,1036.48
2026-04-07,18:15:00,4676.90,1036.02
2026-04-07,18:20:00,4678.10,1036.29
2026-04-07,18:25:00,4671.90,1034.91
2026-04-07,18:30:00,4668.40,1034.14
2026-04-07,18:35:00,4669.20,1034.31
2026-04-07,18:40:00,4666.30,1033.67
2026-04-07,18:45:00,4660.00,1032.28
2026-04-07,18:50:00,4654.40,1031.04
2026-04-07,18:55:00,4659.30,1032.12
2026-04-07,19:00:00,4653.60,1030.86
2026-04-07,19:05:00,4652.90,1030.70
2026-04-07,19:10:00,4651.40,1030.37
2026-04-07,19:15:00,4639.10,1027.65
2026-04-07,19:20:00,4639.60,1027.76
2026-04-07,19:25:00,4647.50,1029.51
2026-04-07,19:30:00,4652.20,1030.55
2026-04-07,19:35:00,4650.60,1030.19
2026-04-07,19:40:00,4653.60,1030.86
2026-04-07,19:45:00,4662.90,1032.92
2026-04-07,19:50:00,4660.60,1032.41
2026-04-07,19:55:00,4660.60,1032.41
2026-04-07,20:00:00,4662.10,1032.74
2026-04-07,20:05:00,4657.10,1031.63
2026-04-07,20:10:00,4657.20,1031.66
2026-04-07,20:15:00,4655.30,1031.23
2026-04-07,20:20:00,4664.20,1033.21
2026-04-07,20:25:00,4664.50,1033.27
2026-04-07,20:30:00,4667.50,1033.94
2026-04-07,20:35:00,4663.20,1032.99
2026-04-07,20:40:00,4663.60,1033.07
2026-04-07,20:45:00,4660.60,1032.41
2026-04-07,20:50:00,4649.30,1029.91
2026-04-07,20:55:00,4655.10,1031.19
2026-04-07,21:00:00,4653.30,1030.79
2026-04-07,21:05:00,4656.80,1031.57
2026-04-07,21:10:00,4657.40,1031.70
2026-04-07,21:15:00,4657.90,1031.81
2026-04-07,21:20:00,4653.30,1030.79
2026-04-07,21:25:00,4660.00,1032.28
2026-04-07,21:30:00,4660.70,1032.43
2026-04-07,21:35:00,4653.20,1030.77
2026-04-07,21:40:00,4648.40,1029.71
2026-04-07,21:45:00,4641.30,1028.13
2026-04-07,21:50:00,4646.20,1029.22
2026-04-07,21:55:00,4648.50,1029.73
2026-04-07,22:00:00,4648.60,1029.75
2026-04-07,22:05:00,4629.30,1025.48
2026-04-07,22:10:00,4611.00,1021.42
2026-04-07,22:15:00,4623.10,1024.10
2026-04-07,22:20:00,4616.50,1022.64
2026-04-07,22:25:00,4639.50,1027.73
2026-04-07,22:30:00,4642.00,1028.29
2026-04-07,22:35:00,4655.40,1031.26
2026-04-07,22:40:00,4659.30,1032.12
2026-04-07,22:45:00,4650.30,1030.13
2026-04-07,22:50:00,4649.90,1030.04
2026-04-07,22:55:00,4646.50,1029.29
2026-04-07,23:00:00,4636.40,1027.05
2026-04-07,23:05:00,4635.80,1026.92
2026-04-07,23:10:00,4631.60,1025.99
2026-04-07,23:15:00,4641.60,1028.20
2026-04-07,23:20:00,4646.30,1029.24
2026-04-07,23:25:00,4648.00,1029.62
2026-04-07,23:30:00,4650.90,1030.26
2026-04-07,23:35:00,4649.30,1029.91
2026-04-07,23:40:00,4649.50,1029.95
2026-04-07,23:45:00,4649.10,1029.86
2026-04-07,23:50:00,4651.90,1030.48
2026-04-07,23:55:00,4654.20,1030.99
2026-04-08,00:00:00,4656.50,1031.50
2026-04-08,00:00:00,4814.10,1063.32
2026-04-08,00:05:00,4665.70,1033.54
2026-04-08,00:05:00,4845.50,1070.25
2026-04-08,00:05:00,4811.00,1062.63
2026-04-08,00:10:00,4656.50,1031.50
2026-04-08,00:10:00,4841.50,1069.37
2026-04-08,00:10:00,4820.20,1064.66
2026-04-08,00:15:00,4658.00,1031.83
2026-04-08,00:15:00,4840.20,1069.08
2026-04-08,00:15:00,4821.00,1064.84
2026-04-08,00:20:00,4658.60,1031.97
2026-04-08,00:20:00,4833.30,1067.56
2026-04-08,00:20:00,4810.20,1062.46
2026-04-08,00:25:00,4661.30,1032.56
2026-04-08,00:25:00,4831.30,1067.12
2026-04-08,00:25:00,4805.70,1061.46
2026-04-08,00:30:00,4662.20,1032.76
2026-04-08,00:30:00,4821.60,1064.97
2026-04-08,00:30:00,4794.50,1058.99
2026-04-08,00:35:00,4662.10,1032.74
2026-04-08,00:35:00,4816.00,1063.74
2026-04-08,00:35:00,4799.60,1060.11
2026-04-08,00:40:00,4660.40,1032.36
2026-04-08,00:40:00,4823.20,1065.33
2026-04-08,00:40:00,4801.10,1060.45
2026-04-08,00:45:00,4659.20,1032.10
2026-04-08,00:45:00,4817.50,1064.07
2026-04-08,00:45:00,4799.10,1060.00
2026-04-08,00:50:00,4661.00,1032.50
2026-04-08,00:50:00,4814.40,1063.38
2026-04-08,00:50:00,4805.00,1061.31
2026-04-08,00:55:00,4662.40,1032.81
2026-04-08,00:55:00,4819.70,1064.55
2026-04-08,00:55:00,4813.60,1063.21
2026-04-08,01:00:00,4659.70,1032.21
2026-04-08,01:05:00,4666.20,1033.65
2026-04-08,01:10:00,4672.10,1034.96
2026-04-08,01:15:00,4668.00,1034.05
2026-04-08,01:20:00,4657.70,1031.77
2026-04-08,01:25:00,4658.90,1032.03
2026-04-08,01:30:00,4658.50,1031.94
2026-04-08,01:35:00,4671.40,1034.80
2026-04-08,01:40:00,4684.30,1037.66
2026-04-08,01:45:00,4674.90,1035.58
2026-04-08,01:50:00,4677.80,1036.22
2026-04-08,01:55:00,4680.60,1036.84
2026-04-08,02:00:00,4676.40,1035.91
2026-04-08,02:05:00,4681.50,1037.04
2026-04-08,02:10:00,4679.60,1036.62
2026-04-08,02:15:00,4683.60,1037.50
2026-04-08,02:20:00,4684.10,1037.61
2026-04-08,02:25:00,4680.80,1036.88
2026-04-08,02:30:00,4680.20,1036.75
2026-04-08,02:35:00,4686.70,1038.19
2026-04-08,02:40:00,4682.70,1037.30
2026-04-08,02:45:00,4680.30,1036.77
2026-04-08,02:50:00,4676.90,1036.02
2026-04-08,02:55:00,4668.40,1034.14
2026-04-08,03:00:00,4663.90,1033.14
2026-04-08,03:05:00,4667.00,1033.83
2026-04-08,03:10:00,4665.40,1033.47
2026-04-08,03:15:00,4667.10,1033.85
2026-04-08,03:20:00,4682.80,1037.33
2026-04-08,03:25:00,4687.80,1038.43
2026-04-08,03:30:00,4691.60,1039.28
2026-04-08,03:35:00,4687.80,1038.43
2026-04-08,03:40:00,4687.70,1038.41
2026-04-08,03:45:00,4684.70,1037.75
2026-04-08,03:50:00,4710.60,1043.48
2026-04-08,03:55:00,4699.80,1041.09
2026-04-08,04:00:00,4700.40,1041.23
2026-04-08,04:05:00,4709.80,1043.31
2026-04-08,04:10:00,4708.80,1043.09
2026-04-08,04:15:00,4706.90,1042.67
2026-04-08,04:20:00,4710.00,1043.35
2026-04-08,04:25:00,4705.80,1042.42
2026-04-08,04:30:00,4713.20,1044.06
2026-04-08,04:35:00,4713.80,1044.19
2026-04-08,04:40:00,4706.90,1042.67
2026-04-08,04:45:00,4712.20,1043.84
2026-04-08,04:50:00,4712.50,1043.91
2026-04-08,04:55:00,4710.50,1043.46
2026-04-08,05:00:00,4707.40,1042.78
2026-04-08,05:05:00,4707.20,1042.73
2026-04-08,05:10:00,4707.20,1042.73
2026-04-08,05:15:00,4707.20,1042.73
2026-04-08,05:20:00,4707.20,1042.73
2026-04-08,05:25:00,4707.20,1042.73
2026-04-08,05:30:00,4707.20,1042.73
2026-04-08,05:35:00,4707.20,1042.73
2026-04-08,05:40:00,4707.20,1042.73
2026-04-08,05:45:00,4707.20,1042.73
2026-04-08,05:50:00,4707.20,1042.73
2026-04-08,05:55:00,4707.20,1042.73
2026-04-08,06:00:00,4707.20,1042.73
2026-04-08,06:05:00,4738.20,1049.60
2026-04-08,06:10:00,4746.00,1051.33
2026-04-08,06:15:00,4738.40,1049.64
2026-04-08,06:20:00,4728.80,1047.52
2026-04-08,06:25:00,4730.30,1047.85
2026-04-08,06:30:00,4733.70,1048.60
2026-04-08,06:35:00,4746.40,1051.42
2026-04-08,06:40:00,4766.00,1055.76
2026-04-08,06:45:00,4778.00,1058.42
2026-04-08,06:50:00,4766.50,1055.87
2026-04-08,06:55:00,4783.40,1059.61
2026-04-08,07:00:00,4818.40,1067.36
2026-04-08,07:05:00,4822.50,1068.27
2026-04-08,07:10:00,4814.30,1066.46
2026-04-08,07:15:00,4811.10,1065.75
2026-04-08,07:20:00,4817.10,1067.08
2026-04-08,07:25:00,4821.40,1068.03
2026-04-08,07:30:00,4815.50,1066.72
2026-04-08,07:35:00,4811.70,1065.88
2026-04-08,07:40:00,4811.20,1065.77
2026-04-08,07:45:00,4811.80,1065.90
2026-04-08,07:50:00,4814.00,1066.39
2026-04-08,07:55:00,4824.40,1068.69
2026-04-08,10:00:00,4811.50,1062.74
2026-04-08,10:05:00,4820.40,1064.71
2026-04-08,10:10:00,4819.40,1064.49
2026-04-08,10:15:00,4818.10,1064.20
2026-04-08,10:20:00,4814.00,1063.29
2026-04-08,10:25:00,4813.10,1063.10
2026-04-08,10:30:00,4814.00,1063.29
2026-04-08,10:35:00,4815.10,1063.54
2026-04-08,10:40:00,4817.90,1064.16
2026-04-08,10:45:00,4810.30,1062.48
2026-04-08,10:50:00,4806.80,1061.70
2026-04-08,10:55:00,4804.40,1061.17
2026-04-08,11:00:00,4802.40,1060.73
2026-04-08,11:05:00,4805.50,1061.42
2026-04-08,11:10:00,4803.40,1060.95
2026-04-08,11:15:00,4800.00,1060.20
2026-04-08,11:20:00,4799.20,1060.03
2026-04-08,11:25:00,4801.00,1060.42
2026-04-08,11:30:00,4801.90,1060.62
2026-04-08,11:35:00,4798.90,1059.96
2026-04-08,11:40:00,4800.90,1060.40
2026-04-08,11:45:00,4803.50,1060.98
2026-04-08,11:50:00,4800.50,1060.31
2026-04-08,11:55:00,4802.80,1060.82
2026-04-08,12:00:00,4800.20,1060.25
2026-04-08,12:05:00,4799.60,1060.11
2026-04-08,12:10:00,4796.10,1059.34
2026-04-08,12:15:00,4797.10,1059.56
2026-04-08,12:20:00,4793.80,1058.83
2026-04-08,12:25:00,4791.80,1058.39
2026-04-08,12:30:00,4800.70,1060.36
2026-04-08,12:35:00,4802.60,1060.78
2026-04-08,12:40:00,4805.50,1061.42
2026-04-08,12:45:00,4805.00,1061.31
2026-04-08,12:50:00,4801.70,1060.58
2026-04-08,12:55:00,4801.40,1060.51
2026-04-08,13:00:00,4803.70,1061.02
2026-04-08,13:05:00,4803.20,1060.91
2026-04-08,13:10:00,4811.30,1062.70
2026-04-08,13:15:00,4808.50,1062.08
2026-04-08,13:20:00,4811.10,1062.65
2026-04-08,13:25:00,4811.70,1062.79
2026-04-08,13:30:00,4816.90,1063.94
2026-04-08,13:35:00,4821.10,1064.86
2026-04-08,13:40:00,4820.00,1064.62
2026-04-08,13:45:00,4825.70,1065.88
2026-04-08,13:50:00,4829.00,1066.61
2026-04-08,13:55:00,4838.10,1068.62
2026-04-08,14:00:00,4827.30,1066.23
2026-04-08,14:05:00,4830.80,1067.01
2026-04-08,14:10:00,4823.50,1065.39
2026-04-08,14:15:00,4827.00,1066.17
2026-04-08,14:20:00,4828.20,1066.43
2026-04-08,14:25:00,4834.20,1067.76
2026-04-08,14:30:00,4835.40,1068.02
2026-04-08,14:35:00,4835.50,1068.04
2026-04-08,14:40:00,4835.00,1067.93
2026-04-08,14:45:00,4835.40,1068.02
2026-04-08,14:50:00,4835.00,1067.93
2026-04-08,14:50:00,4835.00,1067.93
2026-04-08,14:55:00,4827.39,1066.25
2026-04-08,15:00:00,4823.39,1065.37
2026-04-08,15:05:00,4816.70,1063.89
2026-04-08,15:10:00,4816.80,1063.91
2026-04-08,15:15:00,4813.30,1063.14
2026-04-08,15:20:00,4813.70,1063.23
2026-04-08,15:25:00,4815.10,1063.54
2026-04-08,15:30:00,4819.90,1064.60